Tip (PT),Tip (ET),Tip short,Tip dt (PT),Tip dt (ET),Tip dt (UTC),Local date,Day,Matchup,Away team,Home team,Away logo,Home logo,Home spread,|spread|,Home spread effective,|spread effective|,Home spread close,Minutes remaining,a_close(t),a_live(t),Record (away),Record (home),Spread source,Spread mode,Win% (away raw),Win% (home raw),Adj win% (away),Adj win% (home),Adj win% (away) pre-star,Adj win% (home) pre-star,Avg adj win% pre-star,Avg adj win% post-star,Health (away),Health (home),Star factor (away),Star factor (home),Away Star Player,Home Star Player,Away Star Raw,Home Star Raw,Team quality pre-star,Team Quality bump (away),Team Quality bump (home),Away Star Factor,Home Star Factor,Away Key Injuries,Home Key Injuries,Away injuries detail JSON,Home injuries detail JSON,Team quality,Team Quality,Closeness,Competitiveness,Uavg,aWI,Region,Status,Is live,ESPN game id,Away score,Home score,Time remaining,Tip display,Where to watch URL,Where to watch provider,Forecast
Fri 04:30 PM,Fri 07:30 PM,Fri 4PM,2026-03-13 16:30:00-07:00,2026-03-13 19:30:00-04:00,2026-03-13 23:30:00+00:00,2026-03-13,Friday,Phoenix Suns @ Toronto Raptors,Phoenix Suns,Toronto Raptors,https://a.espncdn.com/i/teamlogos/nba/500/PHX.png,https://a.espncdn.com/i/teamlogos/nba/500/TOR.png,-4.5,4.5,-4.5,4.5,,,0.0,1.0,39-27,36-29,median_across_books,odds,0.59090906,0.5538462,0.5636363352,0.529538504,0.5436363352,0.509538504,0.5265874196,0.5465874196,0.92,0.92,0.02,0.02,,,0.0,0.0,0.6531748392000001,2.0,2.0,,,,,[],[],0.6931748392000001,0.6931748392000001,0.7478924812104508,0.7478924812104508,0.70852138273303,70.852138273303,Watchable,pre,False,401810818,0,0,,Fri 4PM PT,https://www.nba.com/game/phx-vs-tor-0022500963,League Pass,True
Fri 04:30 PM,Fri 07:30 PM,Fri 4PM,2026-03-13 16:30:00-07:00,2026-03-13 19:30:00-04:00,2026-03-13 23:30:00+00:00,2026-03-13,Friday,Cleveland Cavaliers @ Dallas Mavericks,Cleveland Cavaliers,Dallas Mavericks,https://a.espncdn.com/i/teamlogos/nba/500/CLE.png,https://a.espncdn.com/i/teamlogos/nba/500/DAL.png,13.0,13.0,13.0,13.0,,,0.0,1.0,40-26,22-44,median_across_books,odds,0.6060606,0.33333334,0.577575752,0.3266666728,0.557575752,0.3066666728,0.4321212124,0.4521212124,0.92,0.92,0.02,0.02,,,0.0,0.0,0.46424242480000005,2.0,2.0,,,,,[],[],0.5042424248000001,0.5042424248000001,0.16814958278941677,0.16814958278941677,0.2929797466684188,29.29797466684188,Skippable,pre,False,401810820,0,0,,Fri 4PM PT,https://www.nba.com/game/cle-vs-dal-0022500965,Prime,True
Fri 04:30 PM,Fri 07:30 PM,Fri 4PM,2026-03-13 16:30:00-07:00,2026-03-13 19:30:00-04:00,2026-03-13 23:30:00+00:00,2026-03-13,Friday,New York Knicks @ Indiana Pacers,New York Knicks,Indiana Pacers,https://a.espncdn.com/i/teamlogos/nba/500/NYK.png,https://a.espncdn.com/i/teamlogos/nba/500/IND.png,13.5,13.5,13.5,13.5,,,0.0,1.0,42-25,15-51,median_across_books,odds,0.6268657,0.22727273,0.596716444,0.2290909116,0.576716444,0.2090909116,0.3929036778,0.41290367780000004,0.92,0.92,0.02,0.02,,,0.0,0.0,0.38580735560000007,2.0,2.0,,,,,[],[],0.4258073556000001,0.4258073556000001,0.1297928985150971,0.1297928985150971,0.23223991957941537,23.223991957941536,Hard Skip,pre,False,401810817,0,0,,Fri 4PM PT,https://www.nba.com/game/nyk-vs-ind-0022500962,League Pass,True
Fri 04:30 PM,Fri 07:30 PM,Fri 4PM,2026-03-13 16:30:00-07:00,2026-03-13 19:30:00-04:00,2026-03-13 23:30:00+00:00,2026-03-13,Friday,Memphis Grizzlies @ Detroit Pistons,Memphis Grizzlies,Detroit Pistons,https://a.espncdn.com/i/teamlogos/nba/500/MEM.png,https://a.espncdn.com/i/teamlogos/nba/500/DET.png,-15.5,15.5,-15.5,15.5,,,0.0,1.0,23-42,47-18,median_across_books,odds,0.35384616,0.72307694,0.34553846720000003,0.6852307848000001,0.3255384672,0.6652307848000001,0.49538462600000005,0.5153846260000001,0.92,0.92,0.02,0.02,,,0.0,0.0,0.5907692520000002,2.0,2.0,,,,,[],[],0.6307692520000003,0.6307692520000003,0.1,0.1,0.2036122409927736,20.36122409927736,Hard Skip,pre,False,401810816,0,0,,Fri 4PM PT,https://www.nba.com/game/mem-vs-det-0022500961,League Pass,True
Fri 05:00 PM,Fri 08:00 PM,Fri 5PM,2026-03-13 17:00:00-07:00,2026-03-13 20:00:00-04:00,2026-03-14 00:00:00+00:00,2026-03-13,Friday,New Orleans Pelicans @ Houston Rockets,New Orleans Pelicans,Houston Rockets,https://a.espncdn.com/i/teamlogos/nba/500/NO.png,https://a.espncdn.com/i/teamlogos/nba/500/HOU.png,-7.0,7.0,-7.0,7.0,,,0.0,1.0,22-45,40-25,median_across_books,odds,0.3283582,0.61538464,0.322089544,0.5861538688000001,0.302089544,0.5661538688000001,0.43412170640000003,0.45412170640000005,0.92,0.92,0.02,0.02,,,0.0,0.0,0.4682434128000001,2.0,2.0,,,,,[],[],0.5082434128000002,0.5082434128000002,0.5855308560613401,0.5855308560613401,0.5286697967018119,52.866979670181195,Watchable,pre,False,401810819,0,0,,Fri 5PM PT,https://www.nba.com/game/nop-vs-hou-0022500964,League Pass,True
Fri 07:00 PM,Fri 10:00 PM,Fri 7PM,2026-03-13 19:00:00-07:00,2026-03-13 22:00:00-04:00,2026-03-14 02:00:00+00:00,2026-03-13,Friday,Minnesota Timberwolves @ Golden State Warriors,Minnesota Timberwolves,Golden State Warriors,https://a.espncdn.com/i/teamlogos/nba/500/MIN.png,https://a.espncdn.com/i/teamlogos/nba/500/GSW.png,5.5,5.5,5.5,5.5,,,0.0,1.0,40-26,32-33,median_across_books,odds,0.6060606,0.4923077,0.577575752,0.47292308400000005,0.557575752,0.45292308400000003,0.505249418,0.525249418,0.92,0.92,0.02,0.02,,,0.0,0.0,0.6104988360000001,2.0,2.0,,,,,[],[],0.6504988360000001,0.6504988360000001,0.6834709225327746,0.6834709225327746,0.6599682256436389,65.99682256436388,Watchable,pre,False,401810821,0,0,,Fri 7PM PT,https://www.nba.com/game/min-vs-gsw-0022500966,Prime,True
Fri 07:00 PM,Fri 10:00 PM,Fri 7PM,2026-03-13 19:00:00-07:00,2026-03-13 22:00:00-04:00,2026-03-14 02:00:00+00:00,2026-03-13,Friday,Utah Jazz @ Portland Trail Blazers,Utah Jazz,Portland Trail Blazers,https://a.espncdn.com/i/teamlogos/nba/500/UTAH.png,https://a.espncdn.com/i/teamlogos/nba/500/POR.png,-14.5,14.5,-14.5,14.5,,,0.0,1.0,20-46,31-35,median_across_books,odds,0.3030303,0.46969697,0.298787876,0.4521212124,0.278787876,0.4321212124,0.3554545442,0.3754545442,0.92,0.92,0.02,0.02,,,0.0,0.0,0.31090908840000003,2.0,2.0,,,,,[],[],0.35090908840000007,0.35090908840000007,0.1,0.1,0.18223588332756993,18.223588332756993,Hard Skip,pre,False,401810822,0,0,,Fri 7PM PT,https://www.nba.com/game/uta-vs-por-0022500967,League Pass,True
Fri 07:30 PM,Fri 10:30 PM,Fri 7PM,2026-03-13 19:30:00-07:00,2026-03-13 22:30:00-04:00,2026-03-14 02:30:00+00:00,2026-03-13,Friday,Chicago Bulls @ LA Clippers,Chicago Bulls,LA Clippers,https://a.espncdn.com/i/teamlogos/nba/500/CHI.png,https://a.espncdn.com/i/teamlogos/nba/500/LAC.png,-12.5,12.5,-12.5,12.5,,,0.0,1.0,27-39,33-32,median_across_books,odds,0.4090909,0.50769234,0.396363628,0.4870769528,0.376363628,0.4670769528,0.42172029040000003,0.44172029040000005,0.92,0.92,0.02,0.02,,,0.0,0.0,0.4434405808000001,2.0,2.0,,,,,[],[],0.48344058080000013,0.48344058080000013,0.2055487337832409,0.2055487337832409,0.32889445576020127,32.88944557602013,Skippable,pre,False,401810823,0,0,,Fri 7PM PT,https://www.nba.com/game/chi-vs-lac-0022500968,League Pass,True
Sat 10:00 AM,Sat 01:00 PM,Sat 10AM,2026-03-14 10:00:00-07:00,2026-03-14 13:00:00-04:00,2026-03-14 17:00:00+00:00,2026-03-14,Saturday,Brooklyn Nets @ Philadelphia 76ers,Brooklyn Nets,Philadelphia 76ers,https://a.espncdn.com/i/teamlogos/nba/500/BKN.png,https://a.espncdn.com/i/teamlogos/nba/500/PHI.png,-10.1818175,10.1818175,-10.1818175,10.1818175,,,0.0,1.0,17-49,35-31,forecast_model,forecast,0.25757575,0.530303,0.25696969000000003,0.50787876,0.23696969,0.48787875999999997,0.362424225,0.382424225,0.92,0.92,0.02,0.02,,,0.0,0.0,0.32484845,2.0,2.0,,,,,[],[],0.36484845000000005,0.36484845000000005,0.3709912949312993,0.3709912949312993,0.3666645007766334,36.666450077663335,Skippable,pre,False,401810824,0,0,,Sat 10AM PT,https://www.nba.com/game/bkn-vs-phi-0022500969,League Pass,True
Sat 12:00 PM,Sat 03:00 PM,Sat 12PM,2026-03-14 12:00:00-07:00,2026-03-14 15:00:00-04:00,2026-03-14 19:00:00+00:00,2026-03-14,Saturday,Milwaukee Bucks @ Atlanta Hawks,Milwaukee Bucks,Atlanta Hawks,https://a.espncdn.com/i/teamlogos/nba/500/MIL.png,https://a.espncdn.com/i/teamlogos/nba/500/ATL.png,-5.4475514,5.4475514,-5.4475514,5.4475514,,,0.0,1.0,27-38,35-31,forecast_model,forecast,0.41538462,0.530303,0.4021538504,0.50787876,0.3821538504,0.48787875999999997,0.4350163052,0.4550163052,0.92,0.92,0.02,0.02,,,0.0,0.0,0.47003261040000005,2.0,2.0,,,,,[],[],0.5100326104000001,0.5100326104000001,0.686866027356245,0.686866027356245,0.550428756670469,55.0428756670469,Watchable,pre,False,401810825,0,0,,Sat 12PM PT,https://www.nba.com/game/mil-vs-atl-0022500970,League Pass,True
Sat 12:30 PM,Sat 03:30 PM,Sat 12PM,2026-03-14 12:30:00-07:00,2026-03-14 15:30:00-04:00,2026-03-14 19:30:00+00:00,2026-03-14,Saturday,Charlotte Hornets @ San Antonio Spurs,Charlotte Hornets,San Antonio Spurs,https://a.espncdn.com/i/teamlogos/nba/500/CHA.png,https://a.espncdn.com/i/teamlogos/nba/500/SAS.png,-8.5943015,8.5943015,-8.5943015,8.5943015,,,0.0,1.0,34-33,48-18,forecast_model,forecast,0.5074627,0.72727275,0.4868656840000001,0.6890909300000001,0.46686568400000006,0.6690909300000001,0.5679783070000001,0.5879783070000001,0.92,0.92,0.02,0.02,,,0.0,0.0,0.7359566140000002,2.0,2.0,,,,,[],[],0.7759566140000003,0.7759566140000003,0.47937859950710954,0.47937859950710954,0.6455563564728295,64.55563564728295,Watchable,pre,False,401810828,0,0,,Sat 12PM PT,https://www.nba.com/game/cha-vs-sas-0022500973,Prime,True
Sat 03:00 PM,Sat 06:00 PM,Sat 3PM,2026-03-14 15:00:00-07:00,2026-03-14 18:00:00-04:00,2026-03-14 22:00:00+00:00,2026-03-14,Saturday,Washington Wizards @ Boston Celtics,Washington Wizards,Boston Celtics,https://a.espncdn.com/i/teamlogos/nba/500/WAS.png,https://a.espncdn.com/i/teamlogos/nba/500/BOS.png,-14.1608375,14.1608375,-14.1608375,14.1608375,,,0.0,1.0,16-49,43-23,forecast_model,forecast,0.24615385,0.6515151,0.246461542,0.6193938920000001,0.22646154200000002,0.599393892,0.412927717,0.43292771700000005,0.92,0.92,0.02,0.02,,,0.0,0.0,0.4258554340000001,2.0,2.0,,,,,[],[],0.4658554340000001,0.4658554340000001,0.1,0.1,0.194162172648444,19.4162172648444,Hard Skip,pre,False,401810826,0,0,,Sat 3PM PT,https://www.nba.com/game/was-vs-bos-0022500971,League Pass,True
Sat 05:00 PM,Sat 08:00 PM,Sat 5PM,2026-03-14 17:00:00-07:00,2026-03-14 20:00:00-04:00,2026-03-15 00:00:00+00:00,2026-03-14,Saturday,Orlando Magic @ Miami Heat,Orlando Magic,Miami Heat,https://a.espncdn.com/i/teamlogos/nba/500/ORL.png,https://a.espncdn.com/i/teamlogos/nba/500/MIA.png,-1.9380019999999991,1.9380019999999991,-1.9380019999999991,1.9380019999999991,,,0.0,1.0,37-28,38-29,forecast_model,forecast,0.5692308,0.5671642,0.5436923360000001,0.5417910640000001,0.5236923360000001,0.5217910640000001,0.5227417000000001,0.5427417000000001,0.92,0.92,0.02,0.02,,,0.0,0.0,0.6454834000000003,2.0,2.0,,,,,[],[],0.6854834000000003,0.6854834000000003,0.910285132660414,0.910285132660414,0.7375268426892526,73.75268426892526,Watchable,pre,False,401810827,0,0,,Sat 5PM PT,https://www.nba.com/game/orl-vs-mia-0022500972,League Pass,True
Sat 05:30 PM,Sat 08:30 PM,Sat 5PM,2026-03-14 17:30:00-07:00,2026-03-14 20:30:00-04:00,2026-03-15 00:30:00+00:00,2026-03-14,Saturday,Denver Nuggets @ Los Angeles Lakers,Denver Nuggets,Los Angeles Lakers,https://a.espncdn.com/i/teamlogos/nba/500/DEN.png,https://a.espncdn.com/i/teamlogos/nba/500/LAL.png,-2.2781540000000016,2.2781540000000016,-2.2781540000000016,2.2781540000000016,,,0.0,1.0,41-26,41-25,forecast_model,forecast,0.6119403,0.6212121,0.582985076,0.591515132,0.562985076,0.571515132,0.567250104,0.587250104,0.92,0.92,0.02,0.02,,,0.0,0.0,0.734500208,2.0,2.0,,,,,[],[],0.7745002080000001,0.7745002080000001,0.8889225402139236,0.8889225402139236,0.8048453035981653,80.48453035981653,Strong Watch,pre,False,401810829,0,0,,Sat 5PM PT,https://www.nba.com/game/den-vs-lal-0022500974,ESPN,True
Sat 07:30 PM,Sat 10:30 PM,Sat 7PM,2026-03-14 19:30:00-07:00,2026-03-14 22:30:00-04:00,2026-03-15 02:30:00+00:00,2026-03-14,Saturday,Sacramento Kings @ LA Clippers,Sacramento Kings,LA Clippers,https://a.espncdn.com/i/teamlogos/nba/500/SAC.png,https://a.espncdn.com/i/teamlogos/nba/500/LAC.png,-10.0665914,10.0665914,-10.0665914,10.0665914,,,0.0,1.0,16-51,33-32,forecast_model,forecast,0.23880596,0.50769234,0.2397014832,0.4870769528,0.21970148320000002,0.4670769528,0.343389218,0.363389218,0.92,0.92,0.02,0.02,,,0.0,0.0,0.286778436,2.0,2.0,,,,,[],[],0.32677843600000006,0.32677843600000006,0.3789668098779735,0.3789668098779735,0.34048817425944383,34.048817425944385,Skippable,pre,False,401810830,0,0,,Sat 7PM PT,https://www.nba.com/game/sac-vs-lac-0022500975,ESPN,True
Sun 10:00 AM,Sun 01:00 PM,Sun 10AM,2026-03-15 10:00:00-07:00,2026-03-15 13:00:00-04:00,2026-03-15 17:00:00+00:00,2026-03-15,Sunday,Minnesota Timberwolves @ Oklahoma City Thunder,Minnesota Timberwolves,Oklahoma City Thunder,https://a.espncdn.com/i/teamlogos/nba/500/MIN.png,https://a.espncdn.com/i/teamlogos/nba/500/OKC.png,-7.101764000000002,7.101764000000002,-7.101764000000002,7.101764000000002,,,0.0,1.0,40-26,52-15,forecast_model,forecast,0.6060606,0.7761194,0.577575752,0.734029848,0.557575752,0.714029848,0.6358028,0.6558028,0.92,0.92,0.02,0.02,,,0.0,0.0,0.8716056000000001,2.0,2.0,,,,,[],[],0.9116056000000001,0.9116056000000001,0.5788231517692882,0.5788231517692882,0.7681052766195934,76.81052766195934,Strong Watch,pre,False,401810831,0,0,,Sun 10AM PT,https://www.nba.com/game/min-vs-okc-0022500976,ESPN,True
Sun 12:30 PM,Sun 03:30 PM,Sun 12PM,2026-03-15 12:30:00-07:00,2026-03-15 15:30:00-04:00,2026-03-15 19:30:00+00:00,2026-03-15,Sunday,Detroit Pistons @ Toronto Raptors,Detroit Pistons,Toronto Raptors,https://a.espncdn.com/i/teamlogos/nba/500/DET.png,https://a.espncdn.com/i/teamlogos/nba/500/TOR.png,3.076922200000001,3.076922200000001,3.076922200000001,3.076922200000001,,,0.0,1.0,47-18,36-29,forecast_model,forecast,0.72307694,0.5538462,0.6852307848000001,0.529538504,0.6652307848000001,0.509538504,0.5873846444,0.6073846444000001,0.92,0.92,0.02,0.02,,,0.0,0.0,0.7747692888000002,2.0,2.0,,,,,[],[],0.8147692888000002,0.8147692888000002,0.8385294846439748,0.8385294846439748,0.8217194497787409,82.17194497787409,Strong Watch,pre,False,401810833,0,0,,Sun 12PM PT,https://www.nba.com/game/det-vs-tor-0022500978,League Pass,True
Sun 12:30 PM,Sun 03:30 PM,Sun 12PM,2026-03-15 12:30:00-07:00,2026-03-15 15:30:00-04:00,2026-03-15 19:30:00+00:00,2026-03-15,Sunday,Dallas Mavericks @ Cleveland Cavaliers,Dallas Mavericks,Cleveland Cavaliers,https://a.espncdn.com/i/teamlogos/nba/500/DAL.png,https://a.espncdn.com/i/teamlogos/nba/500/CLE.png,-10.1818178,10.1818178,-10.1818178,10.1818178,,,0.0,1.0,22-44,40-26,forecast_model,forecast,0.33333334,0.6060606,0.3266666728,0.577575752,0.3066666728,0.557575752,0.4321212124,0.4521212124,0.92,0.92,0.02,0.02,,,0.0,0.0,0.46424242480000005,2.0,2.0,,,,,[],[],0.5042424248000001,0.5042424248000001,0.37099127414179,0.37099127414179,0.45274691704730186,45.27469170473019,Skippable,pre,False,401810832,0,0,,Sun 12PM PT,https://www.nba.com/game/dal-vs-cle-0022500977,League Pass,True
Sun 12:30 PM,Sun 03:30 PM,Sun 12PM,2026-03-15 12:30:00-07:00,2026-03-15 15:30:00-04:00,2026-03-15 19:30:00+00:00,2026-03-15,Sunday,Indiana Pacers @ Milwaukee Bucks,Indiana Pacers,Milwaukee Bucks,https://a.espncdn.com/i/teamlogos/nba/500/IND.png,https://a.espncdn.com/i/teamlogos/nba/500/MIL.png,-7.643356699999999,7.643356699999999,-7.643356699999999,7.643356699999999,,,0.0,1.0,15-51,27-38,forecast_model,forecast,0.22727273,0.41538462,0.2290909116,0.4021538504,0.2090909116,0.3821538504,0.295622381,0.315622381,0.92,0.92,0.02,0.02,,,0.0,0.0,0.19124476199999998,2.0,2.0,,,,,[],[],0.23124476200000002,0.23124476200000002,0.5429758665584891,0.5429758665584891,0.2721179378149265,27.21179378149265,Skippable,pre,False,401810834,0,0,,Sun 12PM PT,https://www.nba.com/game/ind-vs-mil-0022500979,League Pass,True
Sun 03:00 PM,Sun 06:00 PM,Sun 3PM,2026-03-15 15:00:00-07:00,2026-03-15 18:00:00-04:00,2026-03-15 22:00:00+00:00,2026-03-15,Sunday,Portland Trail Blazers @ Philadelphia 76ers,Portland Trail Blazers,Philadelphia 76ers,https://a.espncdn.com/i/teamlogos/nba/500/POR.png,https://a.espncdn.com/i/teamlogos/nba/500/PHI.png,-3.8181808999999993,3.8181808999999993,-3.8181808999999993,3.8181808999999993,,,0.0,1.0,31-35,35-31,forecast_model,forecast,0.46969697,0.530303,0.4521212124,0.50787876,0.4321212124,0.48787875999999997,0.4599999862,0.4799999862,0.92,0.92,0.02,0.02,,,0.0,0.0,0.5199999724000001,2.0,2.0,,,,,[],[],0.5599999724000001,0.5599999724000001,0.7914619007951403,0.7914619007951403,0.6104881456189928,61.04881456189928,Watchable,pre,False,401810835,0,0,,Sun 3PM PT,https://www.nba.com/game/por-vs-phi-0022500980,League Pass,True
Sun 05:00 PM,Sun 08:00 PM,Sun 5PM,2026-03-15 17:00:00-07:00,2026-03-15 20:00:00-04:00,2026-03-16 00:00:00+00:00,2026-03-15,Sunday,Golden State Warriors @ New York Knicks,Golden State Warriors,New York Knicks,https://a.espncdn.com/i/teamlogos/nba/500/GSW.png,https://a.espncdn.com/i/teamlogos/nba/500/NYK.png,-6.036739999999998,6.036739999999998,-6.036739999999998,6.036739999999998,,,0.0,1.0,32-33,42-25,forecast_model,forecast,0.4923077,0.6268657,0.47292308400000005,0.596716444,0.45292308400000003,0.576716444,0.5148197640000001,0.5348197640000001,0.92,0.92,0.02,0.02,,,0.0,0.0,0.6296395280000002,2.0,2.0,,,,,[],[],0.6696395280000003,0.6696395280000003,0.6486167994208043,0.6486167994208043,0.6631552004702032,66.31552004702031,Watchable,pre,False,401810836,0,0,,Sun 5PM PT,https://www.nba.com/game/gsw-vs-nyk-0022500981,Peacock,True
Sun 07:00 PM,Sun 10:00 PM,Sun 7PM,2026-03-15 19:00:00-07:00,2026-03-15 22:00:00-04:00,2026-03-16 02:00:00+00:00,2026-03-15,Sunday,Utah Jazz @ Sacramento Kings,Utah Jazz,Sacramento Kings,https://a.espncdn.com/i/teamlogos/nba/500/UTAH.png,https://a.espncdn.com/i/teamlogos/nba/500/SAC.png,-0.07326980000000116,0.07326980000000116,-0.07326980000000116,0.07326980000000116,,,0.0,1.0,20-46,16-51,forecast_model,forecast,0.3030303,0.23880596,0.298787876,0.2397014832,0.278787876,0.21970148320000002,0.24924467960000002,0.2692446796,0.92,0.92,0.02,0.02,,,0.0,0.0,0.1,2.0,2.0,,,,,[],[],0.13848935919999997,0.13848935919999997,1.0,1.0,0.17312467705590345,17.312467705590347,Hard Skip,pre,False,401810837,0,0,,Sun 7PM PT,https://www.nba.com/game/uta-vs-sac-0022500982,League Pass,True
Mon 04:00 PM,Mon 07:00 PM,Mon 4PM,2026-03-16 16:00:00-07:00,2026-03-16 19:00:00-04:00,2026-03-16 23:00:00+00:00,2026-03-16,Monday,Orlando Magic @ Atlanta Hawks,Orlando Magic,Atlanta Hawks,https://a.espncdn.com/i/teamlogos/nba/500/ORL.png,https://a.espncdn.com/i/teamlogos/nba/500/ATL.png,-0.832165999999998,0.832165999999998,-0.832165999999998,0.832165999999998,,,0.0,1.0,37-28,35-31,forecast_model,forecast,0.5692308,0.530303,0.5436923360000001,0.50787876,0.5236923360000001,0.48787875999999997,0.505785548,0.525785548,0.92,0.92,0.02,0.02,,,0.0,0.0,0.611571096,2.0,2.0,,,,,[],[],0.6515710960000001,0.6515710960000001,0.9793589842830724,0.9793589842830724,0.7189336328707612,71.89336328707611,Watchable,pre,False,401810838,0,0,,Mon 4PM PT,https://www.nba.com/game/orl-vs-atl-0022500983,Peacock,True
Mon 04:00 PM,Mon 07:00 PM,Mon 4PM,2026-03-16 16:00:00-07:00,2026-03-16 19:00:00-04:00,2026-03-16 23:00:00+00:00,2026-03-16,Monday,Golden State Warriors @ Washington Wizards,Golden State Warriors,Washington Wizards,https://a.espncdn.com/i/teamlogos/nba/500/GSW.png,https://a.espncdn.com/i/teamlogos/nba/500/WAS.png,5.384615500000001,5.384615500000001,5.384615500000001,5.384615500000001,,,0.0,1.0,32-33,16-49,forecast_model,forecast,0.4923077,0.24615385,0.47292308400000005,0.246461542,0.45292308400000003,0.22646154200000002,0.339692313,0.35969231300000004,0.92,0.92,0.02,0.02,,,0.0,0.0,0.2793846260000001,2.0,2.0,,,,,[],[],0.3193846260000001,0.3193846260000001,0.6909375376582945,0.6909375376582945,0.3723892259300355,37.23892259300355,Skippable,pre,False,401810839,0,0,,Mon 4PM PT,https://www.nba.com/game/gsw-vs-was-0022500984,League Pass,True
Mon 04:30 PM,Mon 07:30 PM,Mon 4PM,2026-03-16 16:30:00-07:00,2026-03-16 19:30:00-04:00,2026-03-16 23:30:00+00:00,2026-03-16,Monday,Phoenix Suns @ Boston Celtics,Phoenix Suns,Boston Celtics,https://a.espncdn.com/i/teamlogos/nba/500/PHX.png,https://a.espncdn.com/i/teamlogos/nba/500/BOS.png,-3.8181812000000006,3.8181812000000006,-3.8181812000000006,3.8181812000000006,,,0.0,1.0,39-27,43-23,forecast_model,forecast,0.59090906,0.6515151,0.5636363352,0.6193938920000001,0.5436363352,0.599393892,0.5715151136000001,0.5915151136000001,0.92,0.92,0.02,0.02,,,0.0,0.0,0.7430302272000002,2.0,2.0,,,,,[],[],0.7830302272000003,0.7830302272000003,0.7914618816842325,0.7914618816842325,0.785536085976115,78.5536085976115,Strong Watch,pre,False,401810841,0,0,,Mon 4PM PT,https://www.nba.com/game/phx-vs-bos-0022500986,League Pass,True
Mon 04:30 PM,Mon 07:30 PM,Mon 4PM,2026-03-16 16:30:00-07:00,2026-03-16 19:30:00-04:00,2026-03-16 23:30:00+00:00,2026-03-16,Monday,Portland Trail Blazers @ Brooklyn Nets,Portland Trail Blazers,Brooklyn Nets,https://a.espncdn.com/i/teamlogos/nba/500/POR.png,https://a.espncdn.com/i/teamlogos/nba/500/BKN.png,4.3636365999999995,4.3636365999999995,4.3636365999999995,4.3636365999999995,,,0.0,1.0,31-35,17-49,forecast_model,forecast,0.46969697,0.25757575,0.4521212124,0.25696969000000003,0.4321212124,0.23696969,0.3345454512,0.35454545120000003,0.92,0.92,0.02,0.02,,,0.0,0.0,0.26909090240000005,2.0,2.0,,,,,[],[],0.3090909024000001,0.3090909024000001,0.756628416991177,0.756628416991177,0.3652950693993132,36.52950693993132,Skippable,pre,False,401810840,0,0,,Mon 4PM PT,https://www.nba.com/game/por-vs-bkn-0022500985,League Pass,True
Mon 05:00 PM,Mon 08:00 PM,Mon 5PM,2026-03-16 17:00:00-07:00,2026-03-16 20:00:00-04:00,2026-03-17 00:00:00+00:00,2026-03-16,Monday,Memphis Grizzlies @ Chicago Bulls,Memphis Grizzlies,Chicago Bulls,https://a.espncdn.com/i/teamlogos/nba/500/MEM.png,https://a.espncdn.com/i/teamlogos/nba/500/CHI.png,-3.6573421999999987,3.6573421999999987,-3.6573421999999987,3.6573421999999987,,,0.0,1.0,23-42,27-39,forecast_model,forecast,0.35384616,0.4090909,0.34553846720000003,0.396363628,0.3255384672,0.376363628,0.3509510476,0.37095104760000003,0.92,0.92,0.02,0.02,,,0.0,0.0,0.30190209520000005,2.0,2.0,,,,,[],[],0.3419020952000001,0.3419020952000001,0.8017004823924897,0.8017004823924897,0.4022752341949235,40.22752341949235,Skippable,pre,False,401810842,0,0,,Mon 5PM PT,https://www.nba.com/game/mem-vs-chi-0022500987,League Pass,True
Mon 05:00 PM,Mon 08:00 PM,Mon 5PM,2026-03-16 17:00:00-07:00,2026-03-16 20:00:00-04:00,2026-03-17 00:00:00+00:00,2026-03-16,Monday,Dallas Mavericks @ New Orleans Pelicans,Dallas Mavericks,New Orleans Pelicans,https://a.espncdn.com/i/teamlogos/nba/500/DAL.png,https://a.espncdn.com/i/teamlogos/nba/500/NO.png,-1.8507458000000003,1.8507458000000003,-1.8507458000000003,1.8507458000000003,,,0.0,1.0,22-44,22-45,forecast_model,forecast,0.33333334,0.3283582,0.3266666728,0.322089544,0.3066666728,0.302089544,0.3043781084,0.32437810840000003,0.92,0.92,0.02,0.02,,,0.0,0.0,0.20875621680000003,2.0,2.0,,,,,[],[],0.24875621680000007,0.24875621680000007,0.9157560721818379,0.9157560721818379,0.30337993320300916,30.337993320300917,Skippable,pre,False,401810843,0,0,,Mon 5PM PT,https://www.nba.com/game/dal-vs-nop-0022500988,League Pass,True
Mon 06:30 PM,Mon 09:30 PM,Mon 6PM,2026-03-16 18:30:00-07:00,2026-03-16 21:30:00-04:00,2026-03-17 01:30:00+00:00,2026-03-16,Monday,Los Angeles Lakers @ Houston Rockets,Los Angeles Lakers,Houston Rockets,https://a.espncdn.com/i/teamlogos/nba/500/LAL.png,https://a.espncdn.com/i/teamlogos/nba/500/HOU.png,-1.8251761999999998,1.8251761999999998,-1.8251761999999998,1.8251761999999998,,,0.0,1.0,41-25,40-25,forecast_model,forecast,0.6212121,0.61538464,0.591515132,0.5861538688000001,0.571515132,0.5661538688000001,0.5688345004,0.5888345004000001,0.92,0.92,0.02,0.02,,,0.0,0.0,0.7376690008000002,2.0,2.0,,,,,[],[],0.7776690008000002,0.7776690008000002,0.9173585902387195,0.9173585902387195,0.8137954828617129,81.37954828617129,Strong Watch,pre,False,401810844,0,0,,Mon 6PM PT,https://www.nba.com/game/lal-vs-hou-0022500989,Peacock,True
Mon 07:00 PM,Mon 10:00 PM,Mon 7PM,2026-03-16 19:00:00-07:00,2026-03-16 22:00:00-04:00,2026-03-17 02:00:00+00:00,2026-03-16,Monday,San Antonio Spurs @ LA Clippers,San Antonio Spurs,LA Clippers,https://a.espncdn.com/i/teamlogos/nba/500/SAS.png,https://a.espncdn.com/i/teamlogos/nba/500/LAC.png,4.587412300000002,4.587412300000002,4.587412300000002,4.587412300000002,,,0.0,1.0,48-18,33-32,forecast_model,forecast,0.72727275,0.50769234,0.6890909300000001,0.4870769528,0.6690909300000001,0.4670769528,0.5680839414000001,0.5880839414000001,0.92,0.92,0.02,0.02,,,0.0,0.0,0.7361678828000002,2.0,2.0,,,,,[],[],0.7761678828000003,0.7761678828000003,0.7422865699834931,0.7422865699834931,0.7656018606818464,76.56018606818465,Strong Watch,pre,False,401810845,0,0,,Mon 7PM PT,https://www.nba.com/game/sas-vs-lac-0022500990,Peacock,True
Tue 04:00 PM,Tue 07:00 PM,Tue 4PM,2026-03-17 16:00:00-07:00,2026-03-17 19:00:00-04:00,2026-03-17 23:00:00+00:00,2026-03-17,Tuesday,Oklahoma City Thunder @ Orlando Magic,Oklahoma City Thunder,Orlando Magic,https://a.espncdn.com/i/teamlogos/nba/500/OKC.png,https://a.espncdn.com/i/teamlogos/nba/500/ORL.png,4.206657999999999,4.206657999999999,4.206657999999999,4.206657999999999,,,0.0,1.0,52-15,37-28,forecast_model,forecast,0.7761194,0.5692308,0.734029848,0.5436923360000001,0.714029848,0.5236923360000001,0.6188610920000001,0.6388610920000001,0.92,0.92,0.02,0.02,,,0.0,0.0,0.8377221840000002,2.0,2.0,,,,,[],[],0.8777221840000002,0.8777221840000002,0.7666711881276356,0.7666711881276356,0.8403271770124048,84.03271770124047,Strong Watch,pre,False,401810847,0,0,,Tue 4PM PT,https://www.nba.com/game/okc-vs-orl-0022500992,League Pass,True
Tue 04:00 PM,Tue 07:00 PM,Tue 4PM,2026-03-17 16:00:00-07:00,2026-03-17 19:00:00-04:00,2026-03-17 23:00:00+00:00,2026-03-17,Tuesday,Miami Heat @ Charlotte Hornets,Miami Heat,Charlotte Hornets,https://a.espncdn.com/i/teamlogos/nba/500/MIA.png,https://a.espncdn.com/i/teamlogos/nba/500/CHA.png,-0.2089550000000011,0.2089550000000011,-0.2089550000000011,0.2089550000000011,,,0.0,1.0,38-29,34-33,forecast_model,forecast,0.5671642,0.5074627,0.5417910640000001,0.4868656840000001,0.5217910640000001,0.46686568400000006,0.49432837400000007,0.5143283740000001,0.92,0.92,0.02,0.02,,,0.0,0.0,0.5886567480000002,2.0,2.0,,,,,[],[],0.6286567480000003,0.6286567480000003,1.0,1.0,0.7008518246204939,70.08518246204939,Watchable,pre,False,401810846,0,0,,Tue 4PM PT,https://www.nba.com/game/mia-vs-cha-0022500991,League Pass,True
Tue 04:00 PM,Tue 07:00 PM,Tue 4PM,2026-03-17 16:00:00-07:00,2026-03-17 19:00:00-04:00,2026-03-17 23:00:00+00:00,2026-03-17,Tuesday,Detroit Pistons @ Washington Wizards,Detroit Pistons,Washington Wizards,https://a.espncdn.com/i/teamlogos/nba/500/DET.png,https://a.espncdn.com/i/teamlogos/nba/500/WAS.png,12.3076927,12.3076927,12.3076927,12.3076927,,,0.0,1.0,47-18,16-49,forecast_model,forecast,0.72307694,0.24615385,0.6852307848000001,0.246461542,0.6652307848000001,0.22646154200000002,0.44584616340000005,0.46584616340000007,0.92,0.92,0.02,0.02,,,0.0,0.0,0.49169232680000013,2.0,2.0,,,,,[],[],0.5316923268000002,0.5316923268000002,0.21972575421389917,0.21972575421389917,0.355477044450543,35.5477044450543,Skippable,pre,False,401810848,0,0,,Tue 4PM PT,https://www.nba.com/game/det-vs-was-0022500993,League Pass,True
Tue 04:30 PM,Tue 07:30 PM,Tue 4PM,2026-03-17 16:30:00-07:00,2026-03-17 19:30:00-04:00,2026-03-17 23:30:00+00:00,2026-03-17,Tuesday,Indiana Pacers @ New York Knicks,Indiana Pacers,New York Knicks,https://a.espncdn.com/i/teamlogos/nba/500/IND.png,https://a.espncdn.com/i/teamlogos/nba/500/NYK.png,-13.987789099999999,13.987789099999999,-13.987789099999999,13.987789099999999,,,0.0,1.0,15-51,42-25,forecast_model,forecast,0.22727273,0.6268657,0.2290909116,0.596716444,0.2090909116,0.576716444,0.3929036778,0.41290367780000004,0.92,0.92,0.02,0.02,,,0.0,0.0,0.38580735560000007,2.0,2.0,,,,,[],[],0.4258073556000001,0.4258073556000001,0.1,0.1,0.1907208274565959,19.072082745659593,Hard Skip,pre,False,401810849,0,0,,Tue 4PM PT,https://www.nba.com/game/ind-vs-nyk-0022500994,League Pass,True
Tue 05:00 PM,Tue 08:00 PM,Tue 5PM,2026-03-17 17:00:00-07:00,2026-03-17 20:00:00-04:00,2026-03-18 00:00:00+00:00,2026-03-17,Tuesday,Phoenix Suns @ Minnesota Timberwolves,Phoenix Suns,Minnesota Timberwolves,https://a.espncdn.com/i/teamlogos/nba/500/PHX.png,https://a.espncdn.com/i/teamlogos/nba/500/MIN.png,-2.454546199999999,2.454546199999999,-2.454546199999999,2.454546199999999,,,0.0,1.0,39-27,40-26,forecast_model,forecast,0.59090906,0.6060606,0.5636363352,0.577575752,0.5436363352,0.557575752,0.5506060436,0.5706060436,0.92,0.92,0.02,0.02,,,0.0,0.0,0.7012120872000001,2.0,2.0,,,,,[],[],0.7412120872000001,0.7412120872000001,0.8778221514648964,0.8778221514648964,0.7764135067374598,77.64135067374598,Strong Watch,pre,False,401810851,0,0,,Tue 5PM PT,https://www.nba.com/game/phx-vs-min-0022500996,League Pass,True
Tue 05:00 PM,Tue 08:00 PM,Tue 5PM,2026-03-17 17:00:00-07:00,2026-03-17 20:00:00-04:00,2026-03-18 00:00:00+00:00,2026-03-17,Tuesday,Cleveland Cavaliers @ Milwaukee Bucks,Cleveland Cavaliers,Milwaukee Bucks,https://a.espncdn.com/i/teamlogos/nba/500/CLE.png,https://a.espncdn.com/i/teamlogos/nba/500/MIL.png,3.720279399999999,3.720279399999999,3.720279399999999,3.720279399999999,,,0.0,1.0,40-26,27-38,forecast_model,forecast,0.6060606,0.41538462,0.577575752,0.4021538504,0.557575752,0.3821538504,0.46986480119999996,0.4898648012,0.92,0.92,0.02,0.02,,,0.0,0.0,0.5397296024,2.0,2.0,,,,,[],[],0.5797296024,0.5797296024,0.7976958010896091,0.7976958010896091,0.6285111070279003,62.851110702790024,Watchable,pre,False,401810850,0,0,,Tue 5PM PT,https://www.nba.com/game/cle-vs-mil-0022500995,Peacock,True
Tue 07:00 PM,Tue 10:00 PM,Tue 7PM,2026-03-17 19:00:00-07:00,2026-03-17 22:00:00-04:00,2026-03-18 02:00:00+00:00,2026-03-17,Tuesday,Philadelphia 76ers @ Denver Nuggets,Philadelphia 76ers,Denver Nuggets,https://a.espncdn.com/i/teamlogos/nba/500/PHI.png,https://a.espncdn.com/i/teamlogos/nba/500/DEN.png,-4.4491190000000005,4.4491190000000005,-4.4491190000000005,4.4491190000000005,,,0.0,1.0,35-31,41-26,forecast_model,forecast,0.530303,0.6119403,0.50787876,0.582985076,0.48787875999999997,0.562985076,0.525431918,0.545431918,0.92,0.92,0.02,0.02,,,0.0,0.0,0.6508638360000001,2.0,2.0,,,,,[],[],0.6908638360000001,0.6908638360000001,0.75115342238235,0.75115342238235,0.7076567605109128,70.76567605109128,Watchable,pre,False,401810852,0,0,,Tue 7PM PT,https://www.nba.com/game/phi-vs-den-0022500997,Peacock,True
Tue 07:00 PM,Tue 10:00 PM,Tue 7PM,2026-03-17 19:00:00-07:00,2026-03-17 22:00:00-04:00,2026-03-18 02:00:00+00:00,2026-03-17,Tuesday,San Antonio Spurs @ Sacramento Kings,San Antonio Spurs,Sacramento Kings,https://a.espncdn.com/i/teamlogos/nba/500/SAS.png,https://a.espncdn.com/i/teamlogos/nba/500/SAC.png,12.6540037,12.6540037,12.6540037,12.6540037,,,0.0,1.0,48-18,16-51,forecast_model,forecast,0.72727275,0.23880596,0.6890909300000001,0.2397014832,0.6690909300000001,0.21970148320000002,0.44439620660000007,0.4643962066,0.92,0.92,0.02,0.02,,,0.0,0.0,0.48879241320000016,2.0,2.0,,,,,[],[],0.5287924132000001,0.5287924132000001,0.1941169185113486,0.1941169185113486,0.3278053316820171,32.78053316820171,Skippable,pre,False,401810853,0,0,,Tue 7PM PT,https://www.nba.com/game/sas-vs-sac-0022500998,League Pass,True
Wed 04:00 PM,Wed 07:00 PM,Wed 4PM,2026-03-18 16:00:00-07:00,2026-03-18 19:00:00-04:00,2026-03-18 23:00:00+00:00,2026-03-18,Wednesday,Golden State Warriors @ Boston Celtics,Golden State Warriors,Boston Celtics,https://a.espncdn.com/i/teamlogos/nba/500/GSW.png,https://a.espncdn.com/i/teamlogos/nba/500/BOS.png,-6.776222,6.776222,-6.776222,6.776222,,,0.0,1.0,32-33,43-23,forecast_model,forecast,0.4923077,0.6515151,0.47292308400000005,0.6193938920000001,0.45292308400000003,0.599393892,0.5261584880000001,0.5461584880000001,0.92,0.92,0.02,0.02,,,0.0,0.0,0.6523169760000003,2.0,2.0,,,,,[],[],0.6923169760000003,0.6923169760000003,0.6002512017998026,0.6002512017998026,0.6611231685400503,66.11231685400503,Watchable,pre,False,401810854,0,0,,Wed 4PM PT,https://www.nba.com/game/gsw-vs-bos-0022500999,ESPN,True
Wed 04:30 PM,Wed 07:30 PM,Wed 4PM,2026-03-18 16:30:00-07:00,2026-03-18 19:30:00-04:00,2026-03-18 23:30:00+00:00,2026-03-18,Wednesday,Portland Trail Blazers @ Indiana Pacers,Portland Trail Blazers,Indiana Pacers,https://a.espncdn.com/i/teamlogos/nba/500/POR.png,https://a.espncdn.com/i/teamlogos/nba/500/IND.png,5.272727199999999,5.272727199999999,5.272727199999999,5.272727199999999,,,0.0,1.0,31-35,15-51,forecast_model,forecast,0.46969697,0.22727273,0.4521212124,0.2290909116,0.4321212124,0.2090909116,0.320606062,0.340606062,0.92,0.92,0.02,0.02,,,0.0,0.0,0.24121212400000006,2.0,2.0,,,,,[],[],0.281212124,0.281212124,0.6981693581081493,0.6981693581081493,0.3328148773941735,33.28148773941735,Skippable,pre,False,401810856,0,0,,Wed 4PM PT,https://www.nba.com/game/por-vs-ind-0022501001,League Pass,True
Wed 04:30 PM,Wed 07:30 PM,Wed 4PM,2026-03-18 16:30:00-07:00,2026-03-18 19:30:00-04:00,2026-03-18 23:30:00+00:00,2026-03-18,Wednesday,Oklahoma City Thunder @ Brooklyn Nets,Oklahoma City Thunder,Brooklyn Nets,https://a.espncdn.com/i/teamlogos/nba/500/OKC.png,https://a.espncdn.com/i/teamlogos/nba/500/BKN.png,13.556309500000001,13.556309500000001,13.556309500000001,13.556309500000001,,,0.0,1.0,52-15,17-49,forecast_model,forecast,0.7761194,0.25757575,0.734029848,0.25696969000000003,0.714029848,0.23696969,0.475499769,0.49549976900000003,0.92,0.92,0.02,0.02,,,0.0,0.0,0.5509995380000001,2.0,2.0,,,,,[],[],0.5909995380000002,0.5909995380000002,0.12539940816170078,0.12539940816170078,0.24400729382181638,24.400729382181638,Hard Skip,pre,False,401810855,0,0,,Wed 4PM PT,https://www.nba.com/game/okc-vs-bkn-0022501000,League Pass,True
Wed 05:00 PM,Wed 08:00 PM,Wed 5PM,2026-03-18 17:00:00-07:00,2026-03-18 20:00:00-04:00,2026-03-19 00:00:00+00:00,2026-03-18,Wednesday,Toronto Raptors @ Chicago Bulls,Toronto Raptors,Chicago Bulls,https://a.espncdn.com/i/teamlogos/nba/500/TOR.png,https://a.espncdn.com/i/teamlogos/nba/500/CHI.png,2.3426589999999994,2.3426589999999994,2.3426589999999994,2.3426589999999994,,,0.0,1.0,36-29,27-39,forecast_model,forecast,0.5538462,0.4090909,0.529538504,0.396363628,0.509538504,0.376363628,0.442951066,0.462951066,0.92,0.92,0.02,0.02,,,0.0,0.0,0.48590213200000004,2.0,2.0,,,,,[],[],0.5259021320000001,0.5259021320000001,0.8848650267703879,0.8848650267703879,0.5919208859087094,59.19208859087094,Watchable,pre,False,401810857,0,0,,Wed 5PM PT,https://www.nba.com/game/tor-vs-chi-0022501002,League Pass,True
Wed 05:00 PM,Wed 08:00 PM,Wed 5PM,2026-03-18 17:00:00-07:00,2026-03-18 20:00:00-04:00,2026-03-19 00:00:00+00:00,2026-03-18,Wednesday,LA Clippers @ New Orleans Pelicans,LA Clippers,New Orleans Pelicans,https://a.espncdn.com/i/teamlogos/nba/500/LAC.png,https://a.espncdn.com/i/teamlogos/nba/500/NO.png,3.3800241999999994,3.3800241999999994,3.3800241999999994,3.3800241999999994,,,0.0,1.0,33-32,22-45,forecast_model,forecast,0.50769234,0.3283582,0.4870769528,0.322089544,0.4670769528,0.302089544,0.3845832484,0.40458324840000004,0.92,0.92,0.02,0.02,,,0.0,0.0,0.3691664968000001,2.0,2.0,,,,,[],[],0.4091664968000001,0.4091664968000001,0.8193198922517927,0.8193198922517927,0.47248549452819333,47.24854945281933,Skippable,pre,False,401810860,0,0,,Wed 5PM PT,https://www.nba.com/game/lac-vs-nop-0022501005,League Pass,True
Wed 05:00 PM,Wed 08:00 PM,Wed 5PM,2026-03-18 17:00:00-07:00,2026-03-18 20:00:00-04:00,2026-03-19 00:00:00+00:00,2026-03-18,Wednesday,Utah Jazz @ Minnesota Timberwolves,Utah Jazz,Minnesota Timberwolves,https://a.espncdn.com/i/teamlogos/nba/500/UTAH.png,https://a.espncdn.com/i/teamlogos/nba/500/MIN.png,-11.090909,11.090909,-11.090909,11.090909,,,0.0,1.0,20-46,40-26,forecast_model,forecast,0.3030303,0.6060606,0.298787876,0.577575752,0.278787876,0.557575752,0.418181814,0.438181814,0.92,0.92,0.02,0.02,,,0.0,0.0,0.436363628,2.0,2.0,,,,,[],[],0.47636362800000004,0.47636362800000004,0.30735267723951104,0.30735267723951104,0.40431813996863103,40.431813996863106,Skippable,pre,False,401810859,0,0,,Wed 5PM PT,https://www.nba.com/game/uta-vs-min-0022501004,League Pass,True
Wed 05:30 PM,Wed 08:30 PM,Wed 5PM,2026-03-18 17:30:00-07:00,2026-03-18 20:30:00-04:00,2026-03-19 00:30:00+00:00,2026-03-18,Wednesday,Denver Nuggets @ Memphis Grizzlies,Denver Nuggets,Memphis Grizzlies,https://a.espncdn.com/i/teamlogos/nba/500/DEN.png,https://a.espncdn.com/i/teamlogos/nba/500/MEM.png,5.742824199999999,5.742824199999999,5.742824199999999,5.742824199999999,,,0.0,1.0,41-26,23-42,forecast_model,forecast,0.6119403,0.35384616,0.582985076,0.34553846720000003,0.562985076,0.3255384672,0.4442617716,0.46426177160000004,0.92,0.92,0.02,0.02,,,0.0,0.0,0.4885235432000001,2.0,2.0,,,,,[],[],0.5285235432000002,0.5285235432000002,0.6677278004546184,0.6677278004546184,0.562301530532774,56.2301530532774,Watchable,pre,False,401858693,0,0,,Wed 5PM PT,https://www.nba.com/game/den-vs-mem-0022500651,League Pass,True
Wed 05:30 PM,Wed 08:30 PM,Wed 5PM,2026-03-18 17:30:00-07:00,2026-03-18 20:30:00-04:00,2026-03-19 00:30:00+00:00,2026-03-18,Wednesday,Atlanta Hawks @ Dallas Mavericks,Atlanta Hawks,Dallas Mavericks,https://a.espncdn.com/i/teamlogos/nba/500/ATL.png,https://a.espncdn.com/i/teamlogos/nba/500/DAL.png,3.9090897999999994,3.9090897999999994,3.9090897999999994,3.9090897999999994,,,0.0,1.0,35-31,22-44,forecast_model,forecast,0.530303,0.33333334,0.50787876,0.3266666728,0.48787875999999997,0.3066666728,0.39727271639999995,0.41727271639999997,0.92,0.92,0.02,0.02,,,0.0,0.0,0.39454543279999993,2.0,2.0,,,,,[],[],0.43454543279999996,0.43454543279999996,0.785668367614554,0.785668367614554,0.49464613142656594,49.464613142656596,Skippable,pre,False,401810861,0,0,,Wed 5PM PT,https://www.nba.com/game/atl-vs-dal-0022501006,League Pass,True
Wed 06:30 PM,Wed 09:30 PM,Wed 6PM,2026-03-18 18:30:00-07:00,2026-03-18 21:30:00-04:00,2026-03-19 01:30:00+00:00,2026-03-18,Wednesday,Los Angeles Lakers @ Houston Rockets,Los Angeles Lakers,Houston Rockets,https://a.espncdn.com/i/teamlogos/nba/500/LAL.png,https://a.espncdn.com/i/teamlogos/nba/500/HOU.png,-1.8251761999999998,1.8251761999999998,-1.8251761999999998,1.8251761999999998,,,0.0,1.0,41-25,40-25,forecast_model,forecast,0.6212121,0.61538464,0.591515132,0.5861538688000001,0.571515132,0.5661538688000001,0.5688345004,0.5888345004000001,0.92,0.92,0.02,0.02,,,0.0,0.0,0.7376690008000002,2.0,2.0,,,,,[],[],0.7776690008000002,0.7776690008000002,0.9173585902387195,0.9173585902387195,0.8137954828617129,81.37954828617129,Strong Watch,pre,False,401810862,0,0,,Wed 6PM PT,https://www.nba.com/game/lal-vs-hou-0022501007,ESPN,True
Thu 04:00 PM,Thu 07:00 PM,Thu 4PM,2026-03-19 16:00:00-07:00,2026-03-19 19:00:00-04:00,2026-03-19 23:00:00+00:00,2026-03-19,Thursday,Orlando Magic @ Charlotte Hornets,Orlando Magic,Charlotte Hornets,https://a.espncdn.com/i/teamlogos/nba/500/ORL.png,https://a.espncdn.com/i/teamlogos/nba/500/CHA.png,-0.14695700000000023,0.14695700000000023,-0.14695700000000023,0.14695700000000023,,,0.0,1.0,37-28,34-33,forecast_model,forecast,0.5692308,0.5074627,0.5436923360000001,0.4868656840000001,0.5236923360000001,0.46686568400000006,0.4952790100000001,0.5152790100000001,0.92,0.92,0.02,0.02,,,0.0,0.0,0.5905580200000002,2.0,2.0,,,,,[],[],0.6305580200000003,0.6305580200000003,1.0,1.0,0.7025971838655959,70.25971838655958,Watchable,pre,False,401810863,0,0,,Thu 4PM PT,https://www.nba.com/game/orl-vs-cha-0022501008,League Pass,True
Thu 04:00 PM,Thu 07:00 PM,Thu 4PM,2026-03-19 16:00:00-07:00,2026-03-19 19:00:00-04:00,2026-03-19 23:00:00+00:00,2026-03-19,Thursday,Detroit Pistons @ Washington Wizards,Detroit Pistons,Washington Wizards,https://a.espncdn.com/i/teamlogos/nba/500/DET.png,https://a.espncdn.com/i/teamlogos/nba/500/WAS.png,12.3076927,12.3076927,12.3076927,12.3076927,,,0.0,1.0,47-18,16-49,forecast_model,forecast,0.72307694,0.24615385,0.6852307848000001,0.246461542,0.6652307848000001,0.22646154200000002,0.44584616340000005,0.46584616340000007,0.92,0.92,0.02,0.02,,,0.0,0.0,0.49169232680000013,2.0,2.0,,,,,[],[],0.5316923268000002,0.5316923268000002,0.21972575421389917,0.21972575421389917,0.355477044450543,35.5477044450543,Skippable,pre,False,401810864,0,0,,Thu 4PM PT,https://www.nba.com/game/det-vs-was-0022501009,League Pass,True
Thu 05:00 PM,Thu 08:00 PM,Thu 5PM,2026-03-19 17:00:00-07:00,2026-03-19 20:00:00-04:00,2026-03-20 00:00:00+00:00,2026-03-19,Thursday,Los Angeles Lakers @ Miami Heat,Los Angeles Lakers,Miami Heat,https://a.espncdn.com/i/teamlogos/nba/500/LAL.png,https://a.espncdn.com/i/teamlogos/nba/500/MIA.png,-0.3785629999999989,0.3785629999999989,-0.3785629999999989,0.3785629999999989,,,0.0,1.0,41-25,38-29,forecast_model,forecast,0.6212121,0.5671642,0.591515132,0.5417910640000001,0.571515132,0.5217910640000001,0.5466530980000001,0.5666530980000001,0.92,0.92,0.02,0.02,,,0.0,0.0,0.6933061960000002,2.0,2.0,,,,,[],[],0.7333061960000002,0.7333061960000002,1.0,1.0,0.7935070513518794,79.35070513518794,Strong Watch,pre,False,401810865,0,0,,Thu 5PM PT,https://www.nba.com/game/lal-vs-mia-0022501010,League Pass,True
Thu 05:00 PM,Thu 08:00 PM,Thu 5PM,2026-03-19 17:00:00-07:00,2026-03-19 20:00:00-04:00,2026-03-20 00:00:00+00:00,2026-03-19,Thursday,Phoenix Suns @ San Antonio Spurs,Phoenix Suns,San Antonio Spurs,https://a.espncdn.com/i/teamlogos/nba/500/PHX.png,https://a.espncdn.com/i/teamlogos/nba/500/SAS.png,-6.090910700000001,6.090910700000001,-6.090910700000001,6.090910700000001,,,0.0,1.0,39-27,48-18,forecast_model,forecast,0.59090906,0.72727275,0.5636363352,0.6890909300000001,0.5436363352,0.6690909300000001,0.6063636326,0.6263636326,0.92,0.92,0.02,0.02,,,0.0,0.0,0.8127272652000002,2.0,2.0,,,,,[],[],0.8527272652000002,0.8527272652000002,0.645087726246769,0.645087726246769,0.7741999269492914,77.41999269492914,Strong Watch,pre,False,401810868,0,0,,Thu 5PM PT,https://www.nba.com/game/phx-vs-sas-0022501013,League Pass,True
Thu 05:00 PM,Thu 08:00 PM,Thu 5PM,2026-03-19 17:00:00-07:00,2026-03-19 20:00:00-04:00,2026-03-20 00:00:00+00:00,2026-03-19,Thursday,Cleveland Cavaliers @ Chicago Bulls,Cleveland Cavaliers,Chicago Bulls,https://a.espncdn.com/i/teamlogos/nba/500/CLE.png,https://a.espncdn.com/i/teamlogos/nba/500/CHI.png,3.909090999999999,3.909090999999999,3.909090999999999,3.909090999999999,,,0.0,1.0,40-26,27-39,forecast_model,forecast,0.6060606,0.4090909,0.577575752,0.396363628,0.557575752,0.376363628,0.46696969,0.48696969,0.92,0.92,0.02,0.02,,,0.0,0.0,0.5339393800000001,2.0,2.0,,,,,[],[],0.5739393800000001,0.5739393800000001,0.7856682911084939,0.7856682911084939,0.6215590173837717,62.155901738377175,Watchable,pre,False,401810866,0,0,,Thu 5PM PT,https://www.nba.com/game/cle-vs-chi-0022501011,League Pass,True
Thu 05:00 PM,Thu 08:00 PM,Thu 5PM,2026-03-19 17:00:00-07:00,2026-03-19 20:00:00-04:00,2026-03-20 00:00:00+00:00,2026-03-19,Thursday,LA Clippers @ New Orleans Pelicans,LA Clippers,New Orleans Pelicans,https://a.espncdn.com/i/teamlogos/nba/500/LAC.png,https://a.espncdn.com/i/teamlogos/nba/500/NO.png,3.3800241999999994,3.3800241999999994,3.3800241999999994,3.3800241999999994,,,0.0,1.0,33-32,22-45,forecast_model,forecast,0.50769234,0.3283582,0.4870769528,0.322089544,0.4670769528,0.302089544,0.3845832484,0.40458324840000004,0.92,0.92,0.02,0.02,,,0.0,0.0,0.3691664968000001,2.0,2.0,,,,,[],[],0.4091664968000001,0.4091664968000001,0.8193198922517927,0.8193198922517927,0.47248549452819333,47.24854945281933,Skippable,pre,False,401810867,0,0,,Thu 5PM PT,https://www.nba.com/game/lac-vs-nop-0022501012,League Pass,True
Thu 06:00 PM,Thu 09:00 PM,Thu 6PM,2026-03-19 18:00:00-07:00,2026-03-19 21:00:00-04:00,2026-03-20 01:00:00+00:00,2026-03-19,Thursday,Milwaukee Bucks @ Utah Jazz,Milwaukee Bucks,Utah Jazz,https://a.espncdn.com/i/teamlogos/nba/500/MIL.png,https://a.espncdn.com/i/teamlogos/nba/500/UTAH.png,1.3706296,1.3706296,1.3706296,1.3706296,,,0.0,1.0,27-38,20-46,forecast_model,forecast,0.41538462,0.3030303,0.4021538504,0.298787876,0.3821538504,0.278787876,0.33047086319999996,0.3504708632,0.92,0.92,0.02,0.02,,,0.0,0.0,0.26094172639999996,2.0,2.0,,,,,[],[],0.3009417264,0.3009417264,0.9457949981169604,0.9457949981169604,0.36332407796394045,36.332407796394044,Skippable,pre,False,401810869,0,0,,Thu 6PM PT,https://www.nba.com/game/mil-vs-uta-0022501014,League Pass,True
Thu 07:00 PM,Thu 10:00 PM,Thu 7PM,2026-03-19 19:00:00-07:00,2026-03-19 22:00:00-04:00,2026-03-20 02:00:00+00:00,2026-03-19,Thursday,Philadelphia 76ers @ Sacramento Kings,Philadelphia 76ers,Sacramento Kings,https://a.espncdn.com/i/teamlogos/nba/500/PHI.png,https://a.espncdn.com/i/teamlogos/nba/500/SAC.png,6.744911199999999,6.744911199999999,6.744911199999999,6.744911199999999,,,0.0,1.0,35-31,16-51,forecast_model,forecast,0.530303,0.23880596,0.50787876,0.2397014832,0.48787875999999997,0.21970148320000002,0.3537901216,0.3737901216,0.92,0.92,0.02,0.02,,,0.0,0.0,0.30758024320000005,2.0,2.0,,,,,[],[],0.3475802432000001,0.3475802432000001,0.6023076404869289,0.6023076404869289,0.39307454046155854,39.307454046155854,Skippable,pre,False,401810870,0,0,,Thu 7PM PT,https://www.nba.com/game/phi-vs-sac-0022501015,League Pass,True
