Tip (PT),Tip (ET),Tip short,Tip dt (PT),Tip dt (ET),Tip dt (UTC),Local date,Day,Matchup,Away team,Home team,Away logo,Home logo,Home spread,|spread|,Home spread effective,|spread effective|,Home spread close,Minutes remaining,a_close(t),a_live(t),Record (away),Record (home),Spread source,Spread mode,Win% (away raw),Win% (home raw),Adj win% (away),Adj win% (home),Adj win% (away) pre-star,Adj win% (home) pre-star,Avg adj win% pre-star,Avg adj win% post-star,Team quality input win% (away),Team quality input win% (home),Team quality input win% (away) pre-star,Team quality input win% (home) pre-star,Current season weight (away),Current season weight (home),Health (away),Health (home),Star factor (away),Star factor (home),Away Star Player,Home Star Player,Away Star Raw,Home Star Raw,Team quality pre-star,Team Quality bump (away),Team Quality bump (home),Away Star Factor,Home Star Factor,Away Key Injuries,Home Key Injuries,Away injuries detail JSON,Home injuries detail JSON,Team quality,Team Quality,Closeness,Competitiveness,Uavg,aWI,Region,Standings season,Prior standings season,Preseason mode,Status,Is live,ESPN game id,Away score,Home score,Time remaining,Tip display,Where to watch URL,Where to watch provider,Forecast
Sat 03:30 PM,Sat 06:30 PM,Sat 3PM,2026-10-10 15:30:00-07:00,2026-10-10 18:30:00-04:00,2026-10-10 22:30:00+00:00,2026-10-10,Saturday,LA Clippers @ Toronto Raptors,LA Clippers,Toronto Raptors,https://a.espncdn.com/i/teamlogos/nba/500/LAC.png,https://a.espncdn.com/i/teamlogos/nba/500/TOR.png,-4.5,4.5,-4.5,4.5,,,0.0,1.0,1-0,0-1,median_across_books:basketball_nba_preseason,odds,1.0,0.0,0.9400000000000001,0.02,0.92,0.0,0.46,0.48000000000000004,0.5729755900000001,0.52487804,0.5709755900000001,0.52287804,0.1,0.1,0.92,0.92,0.02,0.02,,,0.0,0.0,0.4,0.0,0.0,,,,,[],[],0.4,0.4,0.7478924812104508,0.7478924812104508,0.45756999968898304,45.756999968898306,Skippable,2027,2026,True,pre,False,401902645,0,0,,Sat 3PM PT,,League Pass,True
Sat 04:00 PM,Sat 07:00 PM,Sat 4PM,2026-10-10 16:00:00-07:00,2026-10-10 19:00:00-04:00,2026-10-10 23:00:00+00:00,2026-10-10,Saturday,Atlanta Hawks @ Indiana Pacers,Atlanta Hawks,Indiana Pacers,https://a.espncdn.com/i/teamlogos/nba/500/ATL.png,https://a.espncdn.com/i/teamlogos/nba/500/IND.png,-2.5,2.5,-2.5,2.5,,,0.0,1.0,1-1,1-0,median_across_books:basketball_nba_preseason,odds,0.5,1.0,0.48000000000000004,0.9400000000000001,0.46,0.92,0.6900000000000001,0.7100000000000001,0.56078048,0.320536588,0.55678048,0.318536588,0.2,0.1,0.92,0.92,0.02,0.02,,,0.0,0.0,0.4,0.0,0.0,,,,,[],[],0.4,0.4,0.8749592154663484,0.8749592154663484,0.46699160419933067,46.699160419933065,Skippable,2027,2026,True,pre,False,401898396,0,0,,Sat 4PM PT,,League Pass,True
Sat 04:00 PM,Sat 07:00 PM,Sat 4PM,2026-10-10 16:00:00-07:00,2026-10-10 19:00:00-04:00,2026-10-10 23:00:00+00:00,2026-10-10,Saturday,Detroit Pistons @ Washington Wizards,Detroit Pistons,Washington Wizards,https://a.espncdn.com/i/teamlogos/nba/500/DET.png,https://a.espncdn.com/i/teamlogos/nba/500/WAS.png,4.5,4.5,4.5,4.5,,,0.0,1.0,1-0,1-0,median_across_books:basketball_nba_preseason,odds,1.0,1.0,0.9400000000000001,0.9400000000000001,0.92,0.92,0.92,0.9400000000000001,0.770536597,0.298585363,0.768536597,0.296585363,0.1,0.1,0.92,0.92,0.02,0.02,,,0.0,0.0,0.4,0.0,0.0,,,,,[],[],0.4,0.4,0.7478924812104508,0.7478924812104508,0.45756999968898304,45.756999968898306,Skippable,2027,2026,True,pre,False,401906510,0,0,,Sat 4PM PT,,League Pass,True
Sat 05:00 PM,Sat 08:00 PM,Sat 5PM,2026-10-10 17:00:00-07:00,2026-10-10 20:00:00-04:00,2026-10-11 00:00:00+00:00,2026-10-10,Saturday,Minnesota Timberwolves @ Miami Heat,Minnesota Timberwolves,Miami Heat,https://a.espncdn.com/i/teamlogos/nba/500/MIN.png,https://a.espncdn.com/i/teamlogos/nba/500/MIA.png,1.5,1.5,1.5,1.5,,,0.0,1.0,1-1,2-0,median_across_books:basketball_nba_preseason,odds,0.5,1.0,0.48000000000000004,0.9400000000000001,0.46,0.92,0.6900000000000001,0.7100000000000001,0.5900488,0.6235121600000001,0.5860488,0.6195121600000001,0.2,0.2,0.92,0.92,0.02,0.02,,,0.0,0.0,0.4,0.0,0.0,,,,,[],[],0.4,0.4,0.9377113865345654,0.9377113865345654,0.4706203844634112,47.06203844634112,Skippable,2027,2026,True,pre,False,401898397,0,0,,Sat 5PM PT,,League Pass,True
Sat 05:00 PM,Sat 08:00 PM,Sat 5PM,2026-10-10 17:00:00-07:00,2026-10-10 20:00:00-04:00,2026-10-11 00:00:00+00:00,2026-10-10,Saturday,Philadelphia 76ers @ Boston Celtics,Philadelphia 76ers,Boston Celtics,https://a.espncdn.com/i/teamlogos/nba/500/PHI.png,https://a.espncdn.com/i/teamlogos/nba/500/BOS.png,-5.5,5.5,-5.5,5.5,,,0.0,1.0,1-1,1-0,median_across_books:basketball_nba_preseason,odds,0.5,1.0,0.48000000000000004,0.9400000000000001,0.46,0.92,0.6900000000000001,0.7100000000000001,0.5510244000000001,0.726634147,0.5470244000000001,0.724634147,0.2,0.1,0.92,0.92,0.02,0.02,,,0.0,0.0,0.4,0.0,0.0,,,,,[],[],0.4,0.4,0.6834709225327746,0.6834709225327746,0.4513421658042442,45.13421658042442,Skippable,2027,2026,True,pre,False,401898398,0,0,,Sat 5PM PT,,League Pass,True
Sat 05:30 PM,Sat 08:30 PM,Sat 5PM,2026-10-10 17:30:00-07:00,2026-10-10 20:30:00-04:00,2026-10-11 00:30:00+00:00,2026-10-10,Saturday,Sacramento Kings @ Golden State Warriors,Sacramento Kings,Golden State Warriors,https://a.espncdn.com/i/teamlogos/nba/500/SAC.png,https://a.espncdn.com/i/teamlogos/nba/500/GSW.png,-5.5,5.5,-5.5,5.5,,,0.0,1.0,0-2,1-2,median_across_books:basketball_nba_preseason,odds,0.0,0.33333334,0.02,0.3266666728,0.0,0.3066666728,0.1533333364,0.1733333364,0.23463416000000004,0.42785365184,0.23063416000000003,0.42185365184,0.2,0.3,0.92,0.92,0.02,0.02,,,0.0,0.0,0.4,0.0,0.0,,,,,[],[],0.4,0.4,0.6834709225327746,0.6834709225327746,0.4513421658042442,45.13421658042442,Skippable,2027,2026,True,pre,False,401898399,0,0,,Sat 5PM PT,,League Pass,True
Sat 07:30 PM,Sat 10:30 PM,Sat 7PM,2026-10-10 19:30:00-07:00,2026-10-10 22:30:00-04:00,2026-10-11 02:30:00+00:00,2026-10-10,Saturday,San Antonio Spurs @ Phoenix Suns,San Antonio Spurs,Phoenix Suns,https://a.espncdn.com/i/teamlogos/nba/500/SAS.png,https://a.espncdn.com/i/teamlogos/nba/500/PHX.png,6.5,6.5,6.5,6.5,,,0.0,1.0,0-1,0-2,median_across_books:basketball_nba_preseason,odds,0.0,0.0,0.02,0.02,0.0,0.0,0.0,0.02,0.623,0.45902440000000005,0.621,0.45502440000000005,0.1,0.2,0.92,0.92,0.02,0.02,,,0.0,0.0,0.4,0.0,0.0,,,,,[],[],0.4,0.4,0.6183663255563445,0.6183663255563445,0.44366074351313245,44.366074351313245,Skippable,2027,2026,True,pre,False,401898720,0,0,,Sat 7PM PT,,ESPN,True
Sun 03:00 AM,Sun 06:00 AM,Sun 3AM,2026-10-11 03:00:00-07:00,2026-10-11 06:00:00-04:00,2026-10-11 10:00:00+00:00,2026-10-11,Sunday,Dallas Mavericks @ Houston Rockets,Dallas Mavericks,Houston Rockets,https://a.espncdn.com/i/teamlogos/nba/500/DAL.png,https://a.espncdn.com/i/teamlogos/nba/500/HOU.png,-32.0,32.0,-32.0,32.0,,,0.0,1.0,0-1,1-0,forecast_model,forecast,0.0,1.0,0.02,0.9400000000000001,0.0,0.92,0.46,0.48000000000000004,0.305365853,0.682731697,0.303365853,0.680731697,0.1,0.1,0.92,0.92,0.02,0.02,,,0.0,0.0,0.4,0.0,0.0,,,,,[],[],0.4,0.4,0.1,0.1,0.18814190139699505,18.814190139699505,Hard Skip,2027,2026,True,pre,False,401898400,0,0,,Sun 3AM PT,,League Pass,True
Sun 03:30 PM,Sun 06:30 PM,Sun 3PM,2026-10-11 15:30:00-07:00,2026-10-11 18:30:00-04:00,2026-10-11 22:30:00+00:00,2026-10-11,Sunday,Orlando Magic @ Cleveland Cavaliers,Orlando Magic,Cleveland Cavaliers,https://a.espncdn.com/i/teamlogos/nba/500/ORL.png,https://a.espncdn.com/i/teamlogos/nba/500/CLE.png,28.0,28.0,28.0,28.0,,,0.0,1.0,1-0,0-1,forecast_model,forecast,1.0,0.0,0.9400000000000001,0.02,0.92,0.0,0.46,0.48000000000000004,0.60590245,0.5907316970000001,0.60390245,0.588731697,0.1,0.1,0.92,0.92,0.02,0.02,,,0.0,0.0,0.4,0.0,0.0,,,,,[],[],0.4,0.4,0.1,0.1,0.18814190139699505,18.814190139699505,Hard Skip,2027,2026,True,pre,False,401898401,0,0,,Sun 3PM PT,,ESPN,True
Sun 04:00 PM,Sun 07:00 PM,Sun 4PM,2026-10-11 16:00:00-07:00,2026-10-11 19:00:00-04:00,2026-10-11 23:00:00+00:00,2026-10-11,Sunday,Milwaukee Bucks @ Charlotte Hornets,Milwaukee Bucks,Charlotte Hornets,https://a.espncdn.com/i/teamlogos/nba/500/MIL.png,https://a.espncdn.com/i/teamlogos/nba/500/CHA.png,13.0,13.0,13.0,13.0,,,0.0,1.0,1-1,0-1,forecast_model,forecast,0.5,0.0,0.48000000000000004,0.02,0.46,0.0,0.23,0.25,0.42419512000000004,0.50292686,0.42019512000000003,0.50092686,0.2,0.1,0.92,0.92,0.02,0.02,,,0.0,0.0,0.4,0.0,0.0,,,,,[],[],0.4,0.4,0.16814958278941677,0.16814958278941677,0.27025038745492386,27.025038745492385,Skippable,2027,2026,True,pre,False,401901821,0,0,,Sun 4PM PT,,League Pass,True
Sun 06:00 PM,Sun 09:00 PM,Sun 6PM,2026-10-11 18:00:00-07:00,2026-10-11 21:00:00-04:00,2026-10-12 01:00:00+00:00,2026-10-11,Sunday,Chicago Bulls @ Denver Nuggets,Chicago Bulls,Denver Nuggets,https://a.espncdn.com/i/teamlogos/nba/500/CHI.png,https://a.espncdn.com/i/teamlogos/nba/500/DEN.png,-2.0,2.0,-2.0,2.0,,,0.0,1.0,1-1,1-1,forecast_model,forecast,0.5,0.5,0.48000000000000004,0.48000000000000004,0.46,0.46,0.46,0.48000000000000004,0.41443902400000004,0.63882928,0.41043902400000004,0.63482928,0.2,0.2,0.92,0.92,0.02,0.02,,,0.0,0.0,0.4,0.0,0.0,,,,,[],[],0.4,0.4,0.9063956551818755,0.9063956551818755,0.4688792172152661,46.88792172152661,Skippable,2027,2026,True,pre,False,401908941,0,0,,Sun 6PM PT,,ESPN,True
Mon 01:00 PM,Mon 04:00 PM,Mon 1PM,2026-10-12 13:00:00-07:00,2026-10-12 16:00:00-04:00,2026-10-12 20:00:00+00:00,2026-10-12,Monday,London Lions @ Portland Trail Blazers,London Lions,Portland Trail Blazers,,https://a.espncdn.com/i/teamlogos/nba/500/POR.png,-17.0,17.0,-17.0,17.0,,,0.0,1.0,—,1-0,forecast_model,forecast,0.5,1.0,0.48000000000000004,0.9400000000000001,0.46,0.92,0.6900000000000001,0.7100000000000001,0.52,0.5729755900000001,0.52,0.5709755900000001,0.0,0.1,0.92,0.92,0.02,0.02,,,0.0,0.0,0.4,0.0,0.0,,,,,[],[],0.4,0.4,0.1,0.1,0.18814190139699505,18.814190139699505,Hard Skip,2027,2026,True,pre,False,401914130,0,0,,Mon 1PM PT,,League Pass,True
Mon 04:00 PM,Mon 07:00 PM,Mon 4PM,2026-10-12 16:00:00-07:00,2026-10-12 19:00:00-04:00,2026-10-12 23:00:00+00:00,2026-10-12,Monday,Brooklyn Nets @ Washington Wizards,Brooklyn Nets,Washington Wizards,https://a.espncdn.com/i/teamlogos/nba/500/BKN.png,https://a.espncdn.com/i/teamlogos/nba/500/WAS.png,-2.0,2.0,-2.0,2.0,,,0.0,1.0,2-0,1-0,forecast_model,forecast,1.0,1.0,0.9400000000000001,0.9400000000000001,0.92,0.92,0.92,0.9400000000000001,0.39912195200000006,0.298585363,0.39512195200000005,0.296585363,0.2,0.1,0.92,0.92,0.02,0.02,,,0.0,0.0,0.4,0.0,0.0,,,,,[],[],0.4,0.4,0.9063956551818755,0.9063956551818755,0.4688792172152661,46.88792172152661,Skippable,2027,2026,True,pre,False,401901824,0,0,,Mon 4PM PT,,League Pass,True
Mon 04:00 PM,Mon 07:00 PM,Mon 4PM,2026-10-12 16:00:00-07:00,2026-10-12 19:00:00-04:00,2026-10-12 23:00:00+00:00,2026-10-12,Monday,Oklahoma City Thunder @ Atlanta Hawks,Oklahoma City Thunder,Atlanta Hawks,https://a.espncdn.com/i/teamlogos/nba/500/OKC.png,https://a.espncdn.com/i/teamlogos/nba/500/ATL.png,-17.0,17.0,-17.0,17.0,,,0.0,1.0,0-2,1-1,forecast_model,forecast,0.0,0.5,0.02,0.48000000000000004,0.0,0.46,0.23,0.25,0.64439024,0.56078048,0.64039024,0.55678048,0.2,0.2,0.92,0.92,0.02,0.02,,,0.0,0.0,0.4,0.0,0.0,,,,,[],[],0.4,0.4,0.1,0.1,0.18814190139699505,18.814190139699505,Hard Skip,2027,2026,True,pre,False,401898402,0,0,,Mon 4PM PT,,League Pass,True
Mon 04:30 PM,Mon 07:30 PM,Mon 4PM,2026-10-12 16:30:00-07:00,2026-10-12 19:30:00-04:00,2026-10-12 23:30:00+00:00,2026-10-12,Monday,Minnesota Timberwolves @ New York Knicks,Minnesota Timberwolves,New York Knicks,https://a.espncdn.com/i/teamlogos/nba/500/MIN.png,https://a.espncdn.com/i/teamlogos/nba/500/NYK.png,13.0,13.0,13.0,13.0,,,0.0,1.0,1-1,0-2,forecast_model,forecast,0.5,0.0,0.48000000000000004,0.02,0.46,0.0,0.23,0.25,0.5900488,0.564,0.5860488,0.5599999999999999,0.2,0.2,0.92,0.92,0.02,0.02,,,0.0,0.0,0.4,0.0,0.0,,,,,[],[],0.4,0.4,0.16814958278941677,0.16814958278941677,0.27025038745492386,27.025038745492385,Skippable,2027,2026,True,pre,False,401914124,0,0,,Mon 4PM PT,,League Pass,True
Mon 06:00 PM,Mon 09:00 PM,Mon 6PM,2026-10-12 18:00:00-07:00,2026-10-12 21:00:00-04:00,2026-10-13 01:00:00+00:00,2026-10-12,Monday,San Antonio Spurs @ Utah Jazz,San Antonio Spurs,Utah Jazz,https://a.espncdn.com/i/teamlogos/nba/500/SAS.png,https://a.espncdn.com/i/teamlogos/nba/500/UTAH.png,-17.0,17.0,-17.0,17.0,,,0.0,1.0,0-1,1-1,forecast_model,forecast,0.0,0.5,0.02,0.48000000000000004,0.0,0.46,0.23,0.25,0.623,0.32663416000000006,0.621,0.32263416000000006,0.1,0.2,0.92,0.92,0.02,0.02,,,0.0,0.0,0.4,0.0,0.0,,,,,[],[],0.4,0.4,0.1,0.1,0.18814190139699505,18.814190139699505,Hard Skip,2027,2026,True,pre,False,401898721,0,0,,Mon 6PM PT,,League Pass,True
Tue 04:00 PM,Tue 07:00 PM,Tue 4PM,2026-10-13 16:00:00-07:00,2026-10-13 19:00:00-04:00,2026-10-13 23:00:00+00:00,2026-10-13,Tuesday,New York Knicks @ Toronto Raptors,New York Knicks,Toronto Raptors,https://a.espncdn.com/i/teamlogos/nba/500/NYK.png,https://a.espncdn.com/i/teamlogos/nba/500/TOR.png,-2.0,2.0,-2.0,2.0,,,0.0,1.0,0-2,0-1,forecast_model,forecast,0.0,0.0,0.02,0.02,0.0,0.0,0.0,0.02,0.564,0.52487804,0.5599999999999999,0.52287804,0.2,0.1,0.92,0.92,0.02,0.02,,,0.0,0.0,0.4,0.0,0.0,,,,,[],[],0.4,0.4,0.9063956551818755,0.9063956551818755,0.4688792172152661,46.88792172152661,Skippable,2027,2026,True,pre,False,401908944,0,0,,Tue 4PM PT,,League Pass,True
Tue 04:00 PM,Tue 07:00 PM,Tue 4PM,2026-10-13 16:00:00-07:00,2026-10-13 19:00:00-04:00,2026-10-13 23:00:00+00:00,2026-10-13,Tuesday,Cleveland Cavaliers @ Orlando Magic,Cleveland Cavaliers,Orlando Magic,https://a.espncdn.com/i/teamlogos/nba/500/CLE.png,https://a.espncdn.com/i/teamlogos/nba/500/ORL.png,-32.0,32.0,-32.0,32.0,,,0.0,1.0,0-1,1-0,forecast_model,forecast,0.0,1.0,0.02,0.9400000000000001,0.0,0.92,0.46,0.48000000000000004,0.5907316970000001,0.60590245,0.588731697,0.60390245,0.1,0.1,0.92,0.92,0.02,0.02,,,0.0,0.0,0.4,0.0,0.0,,,,,[],[],0.4,0.4,0.1,0.1,0.18814190139699505,18.814190139699505,Hard Skip,2027,2026,True,pre,False,401898403,0,0,,Tue 4PM PT,,Peacock,True
Tue 05:00 PM,Tue 08:00 PM,Tue 5PM,2026-10-13 17:00:00-07:00,2026-10-13 20:00:00-04:00,2026-10-14 00:00:00+00:00,2026-10-13,Tuesday,Indiana Pacers @ Oklahoma City Thunder,Indiana Pacers,Oklahoma City Thunder,https://a.espncdn.com/i/teamlogos/nba/500/IND.png,https://a.espncdn.com/i/teamlogos/nba/500/OKC.png,28.0,28.0,28.0,28.0,,,0.0,1.0,1-0,0-2,forecast_model,forecast,1.0,0.0,0.9400000000000001,0.02,0.92,0.0,0.46,0.48000000000000004,0.320536588,0.64439024,0.318536588,0.64039024,0.1,0.2,0.92,0.92,0.02,0.02,,,0.0,0.0,0.4,0.0,0.0,,,,,[],[],0.4,0.4,0.1,0.1,0.18814190139699505,18.814190139699505,Hard Skip,2027,2026,True,pre,False,401908621,0,0,,Tue 5PM PT,,League Pass,True
Tue 07:00 PM,Tue 10:00 PM,Tue 7PM,2026-10-13 19:00:00-07:00,2026-10-13 22:00:00-04:00,2026-10-14 02:00:00+00:00,2026-10-13,Tuesday,Golden State Warriors @ Los Angeles Lakers,Golden State Warriors,Los Angeles Lakers,https://a.espncdn.com/i/teamlogos/nba/500/GSW.png,https://a.espncdn.com/i/teamlogos/nba/500/LAL.png,-12.000000799999999,12.000000799999999,-12.000000799999999,12.000000799999999,,,0.0,1.0,1-2,2-1,forecast_model,forecast,0.33333334,0.6666667,0.3266666728,0.633333364,0.3066666728,0.6133333639999999,0.46000001839999993,0.48000001839999995,0.42785365184,0.6564390172,0.42185365184,0.6504390172,0.3,0.3,0.92,0.92,0.02,0.02,,,0.0,0.0,0.4,0.0,0.0,,,,,[],[],0.4,0.4,0.24220205463504083,0.24220205463504083,0.3296357397287354,32.96357397287354,Skippable,2027,2026,True,pre,False,401898718,0,0,,Tue 7PM PT,,League Pass,True
Tue 07:00 PM,Tue 10:00 PM,Tue 7PM,2026-10-13 19:00:00-07:00,2026-10-13 22:00:00-04:00,2026-10-14 02:00:00+00:00,2026-10-13,Tuesday,Portland Trail Blazers @ Sacramento Kings,Portland Trail Blazers,Sacramento Kings,https://a.espncdn.com/i/teamlogos/nba/500/POR.png,https://a.espncdn.com/i/teamlogos/nba/500/SAC.png,28.0,28.0,28.0,28.0,,,0.0,1.0,1-0,0-2,forecast_model,forecast,1.0,0.0,0.9400000000000001,0.02,0.92,0.0,0.46,0.48000000000000004,0.5729755900000001,0.23463416000000004,0.5709755900000001,0.23063416000000003,0.1,0.2,0.92,0.92,0.02,0.02,,,0.0,0.0,0.4,0.0,0.0,,,,,[],[],0.4,0.4,0.1,0.1,0.18814190139699505,18.814190139699505,Hard Skip,2027,2026,True,pre,False,401901826,0,0,,Tue 7PM PT,,League Pass,True
Wed 04:30 PM,Wed 07:30 PM,Wed 4PM,2026-10-14 16:30:00-07:00,2026-10-14 19:30:00-04:00,2026-10-14 23:30:00+00:00,2026-10-14,Wednesday,Brooklyn Nets @ Miami Heat,Brooklyn Nets,Miami Heat,https://a.espncdn.com/i/teamlogos/nba/500/BKN.png,https://a.espncdn.com/i/teamlogos/nba/500/MIA.png,-2.0,2.0,-2.0,2.0,,,0.0,1.0,2-0,2-0,forecast_model,forecast,1.0,1.0,0.9400000000000001,0.9400000000000001,0.92,0.92,0.92,0.9400000000000001,0.39912195200000006,0.6235121600000001,0.39512195200000005,0.6195121600000001,0.2,0.2,0.92,0.92,0.02,0.02,,,0.0,0.0,0.4,0.0,0.0,,,,,[],[],0.4,0.4,0.9063956551818755,0.9063956551818755,0.4688792172152661,46.88792172152661,Skippable,2027,2026,True,pre,False,401898404,0,0,,Wed 4PM PT,,League Pass,True
Wed 04:30 PM,Wed 07:30 PM,Wed 4PM,2026-10-14 16:30:00-07:00,2026-10-14 19:30:00-04:00,2026-10-14 23:30:00+00:00,2026-10-14,Wednesday,Charlotte Hornets @ Boston Celtics,Charlotte Hornets,Boston Celtics,https://a.espncdn.com/i/teamlogos/nba/500/CHA.png,https://a.espncdn.com/i/teamlogos/nba/500/BOS.png,-32.0,32.0,-32.0,32.0,,,0.0,1.0,0-1,1-0,forecast_model,forecast,0.0,1.0,0.02,0.9400000000000001,0.0,0.92,0.46,0.48000000000000004,0.50292686,0.726634147,0.50092686,0.724634147,0.1,0.1,0.92,0.92,0.02,0.02,,,0.0,0.0,0.4,0.0,0.0,,,,,[],[],0.4,0.4,0.1,0.1,0.18814190139699505,18.814190139699505,Hard Skip,2027,2026,True,pre,False,401898405,0,0,,Wed 4PM PT,,League Pass,True
Wed 05:00 PM,Wed 08:00 PM,Wed 5PM,2026-10-14 17:00:00-07:00,2026-10-14 20:00:00-04:00,2026-10-15 00:00:00+00:00,2026-10-14,Wednesday,Phoenix Suns @ San Antonio Spurs,Phoenix Suns,San Antonio Spurs,https://a.espncdn.com/i/teamlogos/nba/500/PHX.png,https://a.espncdn.com/i/teamlogos/nba/500/SAS.png,-2.0,2.0,-2.0,2.0,,,0.0,1.0,0-2,0-1,forecast_model,forecast,0.0,0.0,0.02,0.02,0.0,0.0,0.0,0.02,0.45902440000000005,0.623,0.45502440000000005,0.621,0.2,0.1,0.92,0.92,0.02,0.02,,,0.0,0.0,0.4,0.0,0.0,,,,,[],[],0.4,0.4,0.9063956551818755,0.9063956551818755,0.4688792172152661,46.88792172152661,Skippable,2027,2026,True,pre,False,401898722,0,0,,Wed 5PM PT,,League Pass,True
Wed 05:00 PM,Wed 08:00 PM,Wed 5PM,2026-10-14 17:00:00-07:00,2026-10-14 20:00:00-04:00,2026-10-15 00:00:00+00:00,2026-10-14,Wednesday,Chicago Bulls @ Milwaukee Bucks,Chicago Bulls,Milwaukee Bucks,https://a.espncdn.com/i/teamlogos/nba/500/CHI.png,https://a.espncdn.com/i/teamlogos/nba/500/MIL.png,-2.0,2.0,-2.0,2.0,,,0.0,1.0,1-1,1-1,forecast_model,forecast,0.5,0.5,0.48000000000000004,0.48000000000000004,0.46,0.46,0.46,0.48000000000000004,0.41443902400000004,0.42419512000000004,0.41043902400000004,0.42019512000000003,0.2,0.2,0.92,0.92,0.02,0.02,,,0.0,0.0,0.4,0.0,0.0,,,,,[],[],0.4,0.4,0.9063956551818755,0.9063956551818755,0.4688792172152661,46.88792172152661,Skippable,2027,2026,True,pre,False,401908942,0,0,,Wed 5PM PT,,League Pass,True
Wed 05:00 PM,Wed 08:00 PM,Wed 5PM,2026-10-14 17:00:00-07:00,2026-10-14 20:00:00-04:00,2026-10-15 00:00:00+00:00,2026-10-14,Wednesday,New Orleans Pelicans @ Dallas Mavericks,New Orleans Pelicans,Dallas Mavericks,https://a.espncdn.com/i/teamlogos/nba/500/NO.png,https://a.espncdn.com/i/teamlogos/nba/500/DAL.png,13.0,13.0,13.0,13.0,,,0.0,1.0,1-1,0-1,forecast_model,forecast,0.5,0.0,0.48000000000000004,0.02,0.46,0.0,0.23,0.25,0.3656585360000001,0.305365853,0.3616585360000001,0.303365853,0.2,0.1,0.92,0.92,0.02,0.02,,,0.0,0.0,0.4,0.0,0.0,,,,,[],[],0.4,0.4,0.16814958278941677,0.16814958278941677,0.27025038745492386,27.025038745492385,Skippable,2027,2026,True,pre,False,401901825,0,0,,Wed 5PM PT,,League Pass,True
Wed 05:00 PM,Wed 08:00 PM,Wed 5PM,2026-10-14 17:00:00-07:00,2026-10-14 20:00:00-04:00,2026-10-15 00:00:00+00:00,2026-10-14,Wednesday,Detroit Pistons @ Minnesota Timberwolves,Detroit Pistons,Minnesota Timberwolves,https://a.espncdn.com/i/teamlogos/nba/500/DET.png,https://a.espncdn.com/i/teamlogos/nba/500/MIN.png,13.0,13.0,13.0,13.0,,,0.0,1.0,1-0,1-1,forecast_model,forecast,1.0,0.5,0.9400000000000001,0.48000000000000004,0.92,0.46,0.6900000000000001,0.7100000000000001,0.770536597,0.5900488,0.768536597,0.5860488,0.1,0.2,0.92,0.92,0.02,0.02,,,0.0,0.0,0.4,0.0,0.0,,,,,[],[],0.4,0.4,0.16814958278941677,0.16814958278941677,0.27025038745492386,27.025038745492385,Skippable,2027,2026,True,pre,False,401914125,0,0,,Wed 5PM PT,,League Pass,True
Wed 07:30 PM,Wed 10:30 PM,Wed 7PM,2026-10-14 19:30:00-07:00,2026-10-14 22:30:00-04:00,2026-10-15 02:30:00+00:00,2026-10-14,Wednesday,Denver Nuggets @ LA Clippers,Denver Nuggets,LA Clippers,https://a.espncdn.com/i/teamlogos/nba/500/DEN.png,https://a.espncdn.com/i/teamlogos/nba/500/LAC.png,-17.0,17.0,-17.0,17.0,,,0.0,1.0,1-1,1-0,forecast_model,forecast,0.5,1.0,0.48000000000000004,0.9400000000000001,0.46,0.92,0.6900000000000001,0.7100000000000001,0.63882928,0.5729755900000001,0.63482928,0.5709755900000001,0.2,0.1,0.92,0.92,0.02,0.02,,,0.0,0.0,0.4,0.0,0.0,,,,,[],[],0.4,0.4,0.1,0.1,0.18814190139699505,18.814190139699505,Hard Skip,2027,2026,True,pre,False,401918011,0,0,,Wed 7PM PT,,League Pass,True
Thu 04:30 PM,Thu 07:30 PM,Thu 4PM,2026-10-15 16:30:00-07:00,2026-10-15 19:30:00-04:00,2026-10-15 23:30:00+00:00,2026-10-15,Thursday,Toronto Raptors @ New York Knicks,Toronto Raptors,New York Knicks,https://a.espncdn.com/i/teamlogos/nba/500/TOR.png,https://a.espncdn.com/i/teamlogos/nba/500/NYK.png,-2.0,2.0,-2.0,2.0,,,0.0,1.0,0-1,0-2,forecast_model,forecast,0.0,0.0,0.02,0.02,0.0,0.0,0.0,0.02,0.52487804,0.564,0.52287804,0.5599999999999999,0.1,0.2,0.92,0.92,0.02,0.02,,,0.0,0.0,0.4,0.0,0.0,,,,,[],[],0.4,0.4,0.9063956551818755,0.9063956551818755,0.4688792172152661,46.88792172152661,Skippable,2027,2026,True,pre,False,401908945,0,0,,Thu 4PM PT,,League Pass,True
Thu 05:30 PM,Thu 08:30 PM,Thu 5PM,2026-10-15 17:30:00-07:00,2026-10-15 20:30:00-04:00,2026-10-16 00:30:00+00:00,2026-10-15,Thursday,Oklahoma City Thunder @ Houston Rockets,Oklahoma City Thunder,Houston Rockets,https://a.espncdn.com/i/teamlogos/nba/500/OKC.png,https://a.espncdn.com/i/teamlogos/nba/500/HOU.png,-32.0,32.0,-32.0,32.0,,,0.0,1.0,0-2,1-0,forecast_model,forecast,0.0,1.0,0.02,0.9400000000000001,0.0,0.92,0.46,0.48000000000000004,0.64439024,0.682731697,0.64039024,0.680731697,0.2,0.1,0.92,0.92,0.02,0.02,,,0.0,0.0,0.4,0.0,0.0,,,,,[],[],0.4,0.4,0.1,0.1,0.18814190139699505,18.814190139699505,Hard Skip,2027,2026,True,pre,False,401908622,0,0,,Thu 5PM PT,,League Pass,True
Fri 04:00 PM,Fri 07:00 PM,Fri 4PM,2026-10-16 16:00:00-07:00,2026-10-16 19:00:00-04:00,2026-10-16 23:00:00+00:00,2026-10-16,Friday,Miami Heat @ Orlando Magic,Miami Heat,Orlando Magic,https://a.espncdn.com/i/teamlogos/nba/500/MIA.png,https://a.espncdn.com/i/teamlogos/nba/500/ORL.png,-2.0,2.0,-2.0,2.0,,,0.0,1.0,2-0,1-0,forecast_model,forecast,1.0,1.0,0.9400000000000001,0.9400000000000001,0.92,0.92,0.92,0.9400000000000001,0.6235121600000001,0.60590245,0.6195121600000001,0.60390245,0.2,0.1,0.92,0.92,0.02,0.02,,,0.0,0.0,0.4,0.0,0.0,,,,,[],[],0.4,0.4,0.9063956551818755,0.9063956551818755,0.4688792172152661,46.88792172152661,Skippable,2027,2026,True,pre,False,401898406,0,0,,Fri 4PM PT,,League Pass,True
Fri 04:00 PM,Fri 07:00 PM,Fri 4PM,2026-10-16 16:00:00-07:00,2026-10-16 19:00:00-04:00,2026-10-16 23:00:00+00:00,2026-10-16,Friday,Boston Celtics @ Philadelphia 76ers,Boston Celtics,Philadelphia 76ers,https://a.espncdn.com/i/teamlogos/nba/500/BOS.png,https://a.espncdn.com/i/teamlogos/nba/500/PHI.png,13.0,13.0,13.0,13.0,,,0.0,1.0,1-0,1-1,forecast_model,forecast,1.0,0.5,0.9400000000000001,0.48000000000000004,0.92,0.46,0.6900000000000001,0.7100000000000001,0.726634147,0.5510244000000001,0.724634147,0.5470244000000001,0.1,0.2,0.92,0.92,0.02,0.02,,,0.0,0.0,0.4,0.0,0.0,,,,,[],[],0.4,0.4,0.16814958278941677,0.16814958278941677,0.27025038745492386,27.025038745492385,Skippable,2027,2026,True,pre,False,401898407,0,0,,Fri 4PM PT,,League Pass,True
Fri 04:00 PM,Fri 07:00 PM,Fri 4PM,2026-10-16 16:00:00-07:00,2026-10-16 19:00:00-04:00,2026-10-16 23:00:00+00:00,2026-10-16,Friday,Toronto Raptors @ Detroit Pistons,Toronto Raptors,Detroit Pistons,https://a.espncdn.com/i/teamlogos/nba/500/TOR.png,https://a.espncdn.com/i/teamlogos/nba/500/DET.png,-32.0,32.0,-32.0,32.0,,,0.0,1.0,0-1,1-0,forecast_model,forecast,0.0,1.0,0.02,0.9400000000000001,0.0,0.92,0.46,0.48000000000000004,0.52487804,0.770536597,0.52287804,0.768536597,0.1,0.1,0.92,0.92,0.02,0.02,,,0.0,0.0,0.4,0.0,0.0,,,,,[],[],0.4,0.4,0.1,0.1,0.18814190139699505,18.814190139699505,Hard Skip,2027,2026,True,pre,False,401908946,0,0,,Fri 4PM PT,,League Pass,True
Fri 04:00 PM,Fri 07:00 PM,Fri 4PM,2026-10-16 16:00:00-07:00,2026-10-16 19:00:00-04:00,2026-10-16 23:00:00+00:00,2026-10-16,Friday,Milwaukee Bucks @ Indiana Pacers,Milwaukee Bucks,Indiana Pacers,https://a.espncdn.com/i/teamlogos/nba/500/MIL.png,https://a.espncdn.com/i/teamlogos/nba/500/IND.png,-17.0,17.0,-17.0,17.0,,,0.0,1.0,1-1,1-0,forecast_model,forecast,0.5,1.0,0.48000000000000004,0.9400000000000001,0.46,0.92,0.6900000000000001,0.7100000000000001,0.42419512000000004,0.320536588,0.42019512000000003,0.318536588,0.2,0.1,0.92,0.92,0.02,0.02,,,0.0,0.0,0.4,0.0,0.0,,,,,[],[],0.4,0.4,0.1,0.1,0.18814190139699505,18.814190139699505,Hard Skip,2027,2026,True,pre,False,401914126,0,0,,Fri 4PM PT,,League Pass,True
Fri 05:00 PM,Fri 08:00 PM,Fri 5PM,2026-10-16 17:00:00-07:00,2026-10-16 20:00:00-04:00,2026-10-17 00:00:00+00:00,2026-10-16,Friday,Sacramento Kings @ San Antonio Spurs,Sacramento Kings,San Antonio Spurs,https://a.espncdn.com/i/teamlogos/nba/500/SAC.png,https://a.espncdn.com/i/teamlogos/nba/500/SAS.png,-2.0,2.0,-2.0,2.0,,,0.0,1.0,0-2,0-1,forecast_model,forecast,0.0,0.0,0.02,0.02,0.0,0.0,0.0,0.02,0.23463416000000004,0.623,0.23063416000000003,0.621,0.2,0.1,0.92,0.92,0.02,0.02,,,0.0,0.0,0.4,0.0,0.0,,,,,[],[],0.4,0.4,0.9063956551818755,0.9063956551818755,0.4688792172152661,46.88792172152661,Skippable,2027,2026,True,pre,False,401898843,0,0,,Fri 5PM PT,,League Pass,True
Fri 05:00 PM,Fri 08:00 PM,Fri 5PM,2026-10-16 17:00:00-07:00,2026-10-16 20:00:00-04:00,2026-10-17 00:00:00+00:00,2026-10-16,Friday,Minnesota Timberwolves @ Chicago Bulls,Minnesota Timberwolves,Chicago Bulls,https://a.espncdn.com/i/teamlogos/nba/500/MIN.png,https://a.espncdn.com/i/teamlogos/nba/500/CHI.png,-2.0,2.0,-2.0,2.0,,,0.0,1.0,1-1,1-1,forecast_model,forecast,0.5,0.5,0.48000000000000004,0.48000000000000004,0.46,0.46,0.46,0.48000000000000004,0.5900488,0.41443902400000004,0.5860488,0.41043902400000004,0.2,0.2,0.92,0.92,0.02,0.02,,,0.0,0.0,0.4,0.0,0.0,,,,,[],[],0.4,0.4,0.9063956551818755,0.9063956551818755,0.4688792172152661,46.88792172152661,Skippable,2027,2026,True,pre,False,401908943,0,0,,Fri 5PM PT,,League Pass,True
Fri 05:00 PM,Fri 08:00 PM,Fri 5PM,2026-10-16 17:00:00-07:00,2026-10-16 20:00:00-04:00,2026-10-17 00:00:00+00:00,2026-10-16,Friday,Atlanta Hawks @ Dallas Mavericks,Atlanta Hawks,Dallas Mavericks,https://a.espncdn.com/i/teamlogos/nba/500/ATL.png,https://a.espncdn.com/i/teamlogos/nba/500/DAL.png,13.0,13.0,13.0,13.0,,,0.0,1.0,1-1,0-1,forecast_model,forecast,0.5,0.0,0.48000000000000004,0.02,0.46,0.0,0.23,0.25,0.56078048,0.305365853,0.55678048,0.303365853,0.2,0.1,0.92,0.92,0.02,0.02,,,0.0,0.0,0.4,0.0,0.0,,,,,[],[],0.4,0.4,0.16814958278941677,0.16814958278941677,0.27025038745492386,27.025038745492385,Skippable,2027,2026,True,pre,False,401898408,0,0,,Fri 5PM PT,,League Pass,True
Fri 05:00 PM,Fri 08:00 PM,Fri 5PM,2026-10-16 17:00:00-07:00,2026-10-16 20:00:00-04:00,2026-10-17 00:00:00+00:00,2026-10-16,Friday,Washington Wizards @ New Orleans Pelicans,Washington Wizards,New Orleans Pelicans,https://a.espncdn.com/i/teamlogos/nba/500/WAS.png,https://a.espncdn.com/i/teamlogos/nba/500/NO.png,13.0,13.0,13.0,13.0,,,0.0,1.0,1-0,1-1,forecast_model,forecast,1.0,0.5,0.9400000000000001,0.48000000000000004,0.92,0.46,0.6900000000000001,0.7100000000000001,0.298585363,0.3656585360000001,0.296585363,0.3616585360000001,0.1,0.2,0.92,0.92,0.02,0.02,,,0.0,0.0,0.4,0.0,0.0,,,,,[],[],0.4,0.4,0.16814958278941677,0.16814958278941677,0.27025038745492386,27.025038745492385,Skippable,2027,2026,True,pre,False,401906509,0,0,,Fri 5PM PT,,League Pass,True
Fri 05:00 PM,Fri 08:00 PM,Fri 5PM,2026-10-16 17:00:00-07:00,2026-10-16 20:00:00-04:00,2026-10-17 00:00:00+00:00,2026-10-16,Friday,Charlotte Hornets @ Memphis Grizzlies,Charlotte Hornets,Memphis Grizzlies,https://a.espncdn.com/i/teamlogos/nba/500/CHA.png,https://a.espncdn.com/i/teamlogos/nba/500/MEM.png,-22.000000999999997,22.000000999999997,-22.000000999999997,22.000000999999997,,,0.0,1.0,0-1,2-1,forecast_model,forecast,0.0,0.6666667,0.02,0.633333364,0.0,0.6133333639999999,0.30666668199999997,0.326666682,0.50292686,0.4174146512,0.50092686,0.4114146512,0.1,0.3,0.92,0.92,0.02,0.02,,,0.0,0.0,0.4,0.0,0.0,,,,,[],[],0.4,0.4,0.1,0.1,0.18814190139699505,18.814190139699505,Hard Skip,2027,2026,True,pre,False,401901822,0,0,,Fri 5PM PT,,League Pass,True
Fri 07:00 PM,Fri 10:00 PM,Fri 7PM,2026-10-16 19:00:00-07:00,2026-10-16 22:00:00-04:00,2026-10-17 02:00:00+00:00,2026-10-16,Friday,Utah Jazz @ Phoenix Suns,Utah Jazz,Phoenix Suns,https://a.espncdn.com/i/teamlogos/nba/500/UTAH.png,https://a.espncdn.com/i/teamlogos/nba/500/PHX.png,13.0,13.0,13.0,13.0,,,0.0,1.0,1-1,0-2,forecast_model,forecast,0.5,0.0,0.48000000000000004,0.02,0.46,0.0,0.23,0.25,0.32663416000000006,0.45902440000000005,0.32263416000000006,0.45502440000000005,0.2,0.2,0.92,0.92,0.02,0.02,,,0.0,0.0,0.4,0.0,0.0,,,,,[],[],0.4,0.4,0.16814958278941677,0.16814958278941677,0.27025038745492386,27.025038745492385,Skippable,2027,2026,True,pre,False,401908948,0,0,,Fri 7PM PT,,League Pass,True
Fri 07:00 PM,Fri 10:00 PM,Fri 7PM,2026-10-16 19:00:00-07:00,2026-10-16 22:00:00-04:00,2026-10-17 02:00:00+00:00,2026-10-16,Friday,Portland Trail Blazers @ Golden State Warriors,Portland Trail Blazers,Golden State Warriors,https://a.espncdn.com/i/teamlogos/nba/500/POR.png,https://a.espncdn.com/i/teamlogos/nba/500/GSW.png,17.999999799999998,17.999999799999998,17.999999799999998,17.999999799999998,,,0.0,1.0,1-0,1-2,forecast_model,forecast,1.0,0.33333334,0.9400000000000001,0.3266666728,0.92,0.3066666728,0.6133333364,0.6333333364,0.5729755900000001,0.42785365184,0.5709755900000001,0.42185365184,0.1,0.3,0.92,0.92,0.02,0.02,,,0.0,0.0,0.4,0.0,0.0,,,,,[],[],0.4,0.4,0.1,0.1,0.18814190139699505,18.814190139699505,Hard Skip,2027,2026,True,pre,False,401898409,0,0,,Fri 7PM PT,,League Pass,True
Fri 07:30 PM,Fri 10:30 PM,Fri 7PM,2026-10-16 19:30:00-07:00,2026-10-16 22:30:00-04:00,2026-10-17 02:30:00+00:00,2026-10-16,Friday,Denver Nuggets @ Los Angeles Lakers,Denver Nuggets,Los Angeles Lakers,https://a.espncdn.com/i/teamlogos/nba/500/DEN.png,https://a.espncdn.com/i/teamlogos/nba/500/LAL.png,-7.000000999999998,7.000000999999998,-7.000000999999998,7.000000999999998,,,0.0,1.0,1-1,2-1,forecast_model,forecast,0.5,0.6666667,0.48000000000000004,0.633333364,0.46,0.6133333639999999,0.536666682,0.556666682,0.63882928,0.6564390172,0.63482928,0.6504390172,0.2,0.3,0.92,0.92,0.02,0.02,,,0.0,0.0,0.4,0.0,0.0,,,,,[],[],0.4,0.4,0.5855307901891186,0.5855307901891186,0.4391204991410439,43.91204991410439,Skippable,2027,2026,True,pre,False,401898719,0,0,,Fri 7PM PT,,ESPN,True
